ID,Name,variationId,behaviorJudgeId,ezStateBehaviorType_old,refType,pad2,refId,consumeSA,stamina,consumeDurability,category,heroPoint,pad1,
900000001,XX-Scythe,0,1,1,1,[0|0],10472150,0,0,0,12,0,[0|0]
900000002,XX-Scythe Slash 1,0,2,1,1,[0|0],50005000,0,0,0,12,0,[0|0]
900000003,XX-Scythe Slash 2,0,3,1,1,[0|0],50005005,0,0,0,12,0,[0|0]
900000004,XX-Scythe Slash Strong 1,0,4,1,1,[0|0],50005010,0,0,0,12,0,[0|0]
900000005,XX-Scythe Slash Strong 2,0,5,1,1,[0|0],50005015,0,0,0,12,0,[0|0]
900000006,XX-Scythe Super Slash,0,6,1,1,[0|0],50005020,0,200,0,1,0,[0|0]
900000007,XX-Scythe Slash Stronger 1,0,7,1,1,[0|0],50005016,0,85,0,12,0,[0|0]
900000008,XX-Scythe Slash Stronger 2,0,8,1,1,[0|0],50005017,0,0,0,12,0,[0|0]
900000009,XX-Super Kick,0,9,1,0,[0|0],44630,0,40,0,9,0,[0|0]
