ID,Name,disableParam_NT,disableParamReserve1,disableParamReserve2,refId_default,sfxVariationId,weight,basicPrice,sellValue,behaviorId,replaceItemId,sortId,appearanceReplaceItemId,yesNoDialogMessageId,useEnableSpEffectType,potGroupId,pad,iconId,modelId,shopLv,compTrophySedId,trophySeqId,maxNum,consumeHeroPoint,overDexterity,goodsType,refCategory,spEffectCategory,pad3,goodsUseAnim,opmeMenuType,useLimitCategory,replaceCategory,reserve4,enable_live,enable_gray,enable_white,enable_black,enable_multi,disable_offline,isEquip,isConsume,isAutoEquip,isEstablishment,isOnlyOne,isDiscard,isDeposit,isDisableHand,isRemoveItem_forGameClear,isSuppleItem,isFullSuppleItem,isEnhance,isFixItem,disableMultiDropShare,disableUseAtColiseum,disableUseAtOutOfColiseum,isEnableFastUseItem,isApplySpecialEffect,syncNumVaryId,refId_1,refVirtualWepId,vagrantItemLotId,vagrantBonusEneDropItemLotId,vagrantItemEneDropItemLotId,castSfxId,fireSfxId,effectSfxId,enable_ActiveBigRune,isBonfireWarpItem,enable_Ladder,isUseMultiPlayPreparation,canMultiUse,isShieldEnchant,isWarpProhibited,isUseMultiPenaltyOnly,suppleType,autoReplenishType,isDrop,showLogCondType,isSummonHorse,showDialogCondType,isSleepCollectionItem,enableRiding,disableRiding,maxRepositoryNum,sortGroupId,isUseNoAttackRegion,pad1,saleValue,rarity,useLimitSummonBuddy,useLimitSpEffectType,aiUseJudgeId,consumeMP,consumeHP,reinforceGoodsId,reinforceMaterialId,reinforcePrice,useLevel_vowType0,useLevel_vowType1,useLevel_vowType2,useLevel_vowType3,useLevel_vowType4,useLevel_vowType5,useLevel_vowType6,useLevel_vowType7,useLevel_vowType8,useLevel_vowType9,useLevel_vowType10,useLevel_vowType11,useLevel_vowType12,useLevel_vowType13,useLevel_vowType14,useLevel_vowType15,useLevel,reserve5,itemGetTutorialFlagId,reserve3,
268000,Death Rite Bird,1,0,[0|0|0],268000,-1,0,0,-1,0,-1,70177,-1,20000610,0,-1,0,3272,0,-1,-1,-1,1,0,50,8,2,0,0,34,13,0,0,[0|0],1,1,1,1,1,0,1,0,0,0,0,1,0,0,0,0,0,0,0,0,0,0,0,0,0,-1,-1,-1,-1,-1,-1,-1,-1,1,0,0,1,0,0,0,0,0,0,0,1,0,2,0,1,0,600,40,1,0,0,2,1,0,-1,50,-1,268001,10100,1040,0,0,0,0,0,0,0,0,0,0,0,0,0,0,0,0,0,[0|0],710550,[0|0|0|0|0|0|0|0]
268001,Death Rite Bird +1,1,0,[0|0|0],268001,-1,0,0,-1,0,-1,70178,-1,20000610,0,-1,0,3272,0,-1,-1,-1,1,0,50,8,2,0,0,34,13,0,0,[0|0],1,1,1,1,1,0,1,0,0,0,0,1,0,0,0,0,0,0,0,0,0,0,0,0,0,-1,-1,-1,-1,-1,-1,-1,-1,1,0,0,1,0,0,0,0,0,0,0,1,0,2,0,1,0,600,40,1,0,0,2,1,0,-1,50,-1,268002,10101,1664,0,0,0,0,0,0,0,0,0,0,0,0,0,0,0,0,0,[0|0],710550,[0|0|0|0|0|0|0|0]
268002,Death Rite Bird +2,1,0,[0|0|0],268002,-1,0,0,-1,0,-1,70179,-1,20000610,0,-1,0,3272,0,-1,-1,-1,1,0,50,8,2,0,0,34,13,0,0,[0|0],1,1,1,1,1,0,1,0,0,0,0,1,0,0,0,0,0,0,0,0,0,0,0,0,0,-1,-1,-1,-1,-1,-1,-1,-1,1,0,0,1,0,0,0,0,0,0,0,1,0,2,0,1,0,600,40,1,0,0,2,1,0,-1,50,-1,268003,10102,2288,0,0,0,0,0,0,0,0,0,0,0,0,0,0,0,0,0,[0|0],710550,[0|0|0|0|0|0|0|0]
268003,Death Rite Bird +3,1,0,[0|0|0],268003,-1,0,0,-1,0,-1,70180,-1,20000610,0,-1,0,3272,0,-1,-1,-1,1,0,50,8,2,0,0,34,13,0,0,[0|0],1,1,1,1,1,0,1,0,0,0,0,1,0,0,0,0,0,0,0,0,0,0,0,0,0,-1,-1,-1,-1,-1,-1,-1,-1,1,0,0,1,0,0,0,0,0,0,0,1,0,2,0,1,0,600,40,1,0,0,2,1,0,-1,50,-1,268004,10103,2912,0,0,0,0,0,0,0,0,0,0,0,0,0,0,0,0,0,[0|0],710550,[0|0|0|0|0|0|0|0]
268004,Death Rite Bird +4,1,0,[0|0|0],268004,-1,0,0,-1,0,-1,70181,-1,20000610,0,-1,0,3272,0,-1,-1,-1,1,0,50,8,2,0,0,34,13,0,0,[0|0],1,1,1,1,1,0,1,0,0,0,0,1,0,0,0,0,0,0,0,0,0,0,0,0,0,-1,-1,-1,-1,-1,-1,-1,-1,1,0,0,1,0,0,0,0,0,0,0,1,0,2,0,1,0,600,40,1,0,0,2,1,0,-1,50,-1,268005,10104,3536,0,0,0,0,0,0,0,0,0,0,0,0,0,0,0,0,0,[0|0],710550,[0|0|0|0|0|0|0|0]
268005,Death Rite Bird +5,1,0,[0|0|0],268005,-1,0,0,-1,0,-1,70182,-1,20000610,0,-1,0,3272,0,-1,-1,-1,1,0,50,8,2,0,0,34,13,0,0,[0|0],1,1,1,1,1,0,1,0,0,0,0,1,0,0,0,0,0,0,0,0,0,0,0,0,0,-1,-1,-1,-1,-1,-1,-1,-1,1,0,0,1,0,0,0,0,0,0,0,1,0,2,0,1,0,600,40,1,0,0,2,1,0,-1,50,-1,268006,10105,4160,0,0,0,0,0,0,0,0,0,0,0,0,0,0,0,0,0,[0|0],710550,[0|0|0|0|0|0|0|0]
268006,Death Rite Bird +6,1,0,[0|0|0],268006,-1,0,0,-1,0,-1,70183,-1,20000610,0,-1,0,3272,0,-1,-1,-1,1,0,50,8,2,0,0,34,13,0,0,[0|0],1,1,1,1,1,0,1,0,0,0,0,1,0,0,0,0,0,0,0,0,0,0,0,0,0,-1,-1,-1,-1,-1,-1,-1,-1,1,0,0,1,0,0,0,0,0,0,0,1,0,2,0,1,0,600,40,1,0,0,2,1,0,-1,50,-1,268007,10106,4784,0,0,0,0,0,0,0,0,0,0,0,0,0,0,0,0,0,[0|0],710550,[0|0|0|0|0|0|0|0]
268007,Death Rite Bird +7,1,0,[0|0|0],268007,-1,0,0,-1,0,-1,70184,-1,20000610,0,-1,0,3272,0,-1,-1,-1,1,0,50,8,2,0,0,34,13,0,0,[0|0],1,1,1,1,1,0,1,0,0,0,0,1,0,0,0,0,0,0,0,0,0,0,0,0,0,-1,-1,-1,-1,-1,-1,-1,-1,1,0,0,1,0,0,0,0,0,0,0,1,0,2,0,1,0,600,40,1,0,0,2,1,0,-1,50,-1,268008,10107,5408,0,0,0,0,0,0,0,0,0,0,0,0,0,0,0,0,0,[0|0],710550,[0|0|0|0|0|0|0|0]
268008,Death Rite Bird +8,1,0,[0|0|0],268008,-1,0,0,-1,0,-1,70185,-1,20000610,0,-1,0,3272,0,-1,-1,-1,1,0,50,8,2,0,0,34,13,0,0,[0|0],1,1,1,1,1,0,1,0,0,0,0,1,0,0,0,0,0,0,0,0,0,0,0,0,0,-1,-1,-1,-1,-1,-1,-1,-1,1,0,0,1,0,0,0,0,0,0,0,1,0,2,0,1,0,600,40,1,0,0,2,1,0,-1,50,-1,268009,10108,6032,0,0,0,0,0,0,0,0,0,0,0,0,0,0,0,0,0,[0|0],710550,[0|0|0|0|0|0|0|0]
268009,Death Rite Bird +9,1,0,[0|0|0],268009,-1,0,0,-1,0,-1,70186,-1,20000610,0,-1,0,3272,0,-1,-1,-1,1,0,50,8,2,0,0,34,13,0,0,[0|0],1,1,1,1,1,0,1,0,0,0,0,1,0,0,0,0,0,0,0,0,0,0,0,0,0,-1,-1,-1,-1,-1,-1,-1,-1,1,0,0,1,0,0,0,0,0,0,0,1,0,2,0,1,0,600,40,1,0,0,2,1,0,-1,50,-1,268010,10109,7280,0,0,0,0,0,0,0,0,0,0,0,0,0,0,0,0,0,[0|0],710550,[0|0|0|0|0|0|0|0]
268010,Death Rite Bird +10,1,0,[0|0|0],268010,-1,0,0,-1,0,-1,70187,-1,20000610,0,-1,0,3272,0,-1,-1,-1,1,0,50,8,2,0,0,34,13,0,0,[0|0],1,1,1,1,1,0,1,0,0,0,0,1,0,0,0,0,0,0,0,0,0,0,0,0,0,-1,-1,-1,-1,-1,-1,-1,-1,1,0,0,1,0,0,0,0,0,0,0,1,0,2,0,1,0,600,40,1,0,0,2,1,0,-1,50,-1,-1,-1,0,0,0,0,0,0,0,0,0,0,0,0,0,0,0,0,0,0,[0|0],710550,[0|0|0|0|0|0|0|0]
