ID,Name,variationId,behaviorJudgeId,ezStateBehaviorType_old,refType,pad2,refId,consumeSA,stamina,consumeDurability,category,heroPoint,pad1,
600000100,Sword of Night and Flame [Star Blast],0,100,1,1,[0|0],90000000,0,15,0,12,0,[0|0]
600000101,Sword of Night and Flame [Flame Pillar],0,101,1,1,[0|0],90000001,0,15,0,12,0,[0|0]
600000102,Sword of Night and Flame [Magic Wave],0,102,1,1,[0|0],90000002,0,15,0,12,0,[0|0]
600000103,Sword of Night and Flame [Ember],0,103,1,1,[0|0],90000003,0,8,0,12,0,[0|0]
600000104,Sword of Night and Flame [Flame Wave],0,104,1,1,[0|0],90000004,0,15,0,12,0,[0|0]
600000105,Sword of Night and Flame [Star Blast Weak],0,105,1,1,[0|0],90000006,0,2,0,12,0,[0|0]
600000106,Sword of Night and Flame [Fireball Weak],0,105,1,1,[0|0],90000007,0,2,0,12,0,[0|0]
600000107,Sword of Night and Flame [Star Blast Weak2],0,107,1,1,[0|0],90000009,0,2,0,12,0,[0|0]
600000108,Sword of Night and Flame [Fireball Weak2],0,108,1,1,[0|0],90000010,0,2,0,12,0,[0|0]
600000109,Sword of Night and Flame [Magic Stun],0,109,1,1,[0|0],90000011,0,2,0,12,0,[0|0]
600000110,Sword of Night and Flame [MagVertSlash],0,110,1,1,[0|0],90000012,0,2,0,12,0,[0|0]
600000111,Sword of Night and Flame [FlmDiagSlash],0,111,1,1,[0|0],90000014,0,2,0,12,0,[0|0]
600000112,Sword of Night and Flame [FlmDiagSlash2],0,112,1,1,[0|0],90000015,0,2,0,12,0,[0|0]
600000113,Sword of Night and Flame [Firestorm],0,113,1,1,[0|0],90000017,0,0,0,12,0,[0|0]
600000114,Sword of Night and Flame [MagHorzSlash3],0,114,1,1,[0|0],90000022,0,5,0,12,0,[0|0]
600000115,Sword of Night and Flame [Flame Wave EX],0,115,1,1,[0|0],90000024,0,5,0,12,0,[0|0]
600000116,Sword of Night and Flame [Flame Trail],0,116,1,1,[0|0],90000025,0,0,0,12,0,[0|0]
600000117,Sword of Night and Flame [FlmDiagSlashEX],0,117,1,1,[0|0],90000026,0,10,0,12,0,[0|0]
600000118,Sword of Night and Flame [MagArrow],0,118,1,1,[0|0],90000028,0,10,0,12,0,[0|0]
600000119,Sword of Night and Flame [Moonsplosion],0,119,1,1,[0|0],90000030,0,10,0,12,0,[0|0]
600000120,Sword of Night and Flame [Star Blast Random],0,120,1,1,[0|0],90000031,0,0,0,12,0,[0|0]
600000121,Sword of Night and Flame [InvMagAttk],0,121,1,1,[0|0],90000036,0,0,0,12,0,[0|0]
600000122,Sword of Night and Flame [Firesplosion],0,122,1,1,[0|0],90000038,0,10,0,12,0,[0|0]
600000123,Sword of Night and Flame [Fireball Random],0,123,1,1,[0|0],90000039,0,0,0,12,0,[0|0]
600000124,Sword of Night and Flame [InvFireAttk],0,124,1,1,[0|0],90000044,0,0,0,12,0,[0|0]
600000125,Sword of Night and Flame [FlmVertSlash],0,125,1,1,[0|0],90000047,0,0,0,12,0,[0|0]
600000126,Sword of Night and Flame [Firesplosion2],0,126,1,1,[0|0],90000048,0,10,0,12,0,[0|0]
600000127,Sword of Night and Flame [Moonsplosion2],0,127,1,1,[0|0],90000049,0,10,0,12,0,[0|0]
600000128,Sword of Night and Flame [Sun],0,128,1,1,[0|0],90000050,0,0,0,12,0,[0|0]
600000129,Sword of Night and Flame [Moon],0,129,1,1,[0|0],90000051,0,0,0,12,0,[0|0]
600000130,Sword of Night and Flame [MagFlame],0,130,1,1,[0|0],90000037,0,0,0,12,0,[0|0]
600000131,Sword of Night and Flame [Firegust],0,131,1,1,[0|0],90000045,0,0,0,12,0,[0|0]
600000132,Sword of Night and Flame [Flame Wave2],0,132,1,1,[0|0],90000055,0,15,0,12,0,[0|0]
600000133,Sword of Night and Flame [LilMagSplo],0,133,1,1,[0|0],90000056,0,0,0,12,0,[0|0]
600000134,Sword of Night and Flame [FlmVertSlash],0,134,1,1,[0|0],90000057,0,0,0,12,0,[0|0]
