ID,Name,atkId_Bullet,sfxId_Bullet,sfxId_Hit,sfxId_Flick,life,dist,shootInterval,gravityInRange,gravityOutRange,hormingStopRange,initVellocity,accelInRange,accelOutRange,maxVellocity,minVellocity,accelTime,homingBeginDist,hitRadius,hitRadiusMax,spreadTime,expDelay,hormingOffsetRange,dmgHitRecordLifeTime,externalForce,spEffectIDForShooter,autoSearchNPCThinkID,HitBulletID,spEffectId0,spEffectId1,spEffectId2,spEffectId3,spEffectId4,numShoot,homingAngle,shootAngle,shootAngleInterval,shootAngleXInterval,damageDamp,spelDamageDamp,fireDamageDamp,thunderDamageDamp,staminaDamp,knockbackDamp,shootAngleXZ,lockShootLimitAng,pad2,prevVelocityDirRate,atkAttribute,spAttribute,Material_AttackType,Material_AttackMaterial,isPenetrateChr,isPenetrateObj,pad,launchConditionType,FollowType,EmittePosType,isAttackSFX,isEndlessHit,isPenetrateMap,isHitBothTeam,isUseSharedHitList,isUseMultiDmyPolyIfPlace,isHitOtherBulletForceEraseA,isHitOtherBulletForceEraseB,isHitForceMagic,isIgnoreSfxIfHitWater,isIgnoreMoveStateIfHitWater,isHitDarkForceMagic,dmgCalcSide,isEnableAutoHoming,isSyncBulletCulcDumypolyPos,isOwnerOverrideInitAngle,isInheritSfxToChild,darkDamageDamp,bulletSfxDeleteType_byHit,bulletSfxDeleteType_byLifeDead,targetYOffsetRange,shootAngleYMaxRandom,shootAngleXMaxRandom,intervalCreateBulletId,intervalCreateTimeMin,intervalCreateTimeMax,predictionShootObserveTime,intervalCreateWaitTime,sfxPostureType,createLimitGroupId,pad5,isInheritSpeedToChild,isDisableHitSfx_byChrAndObj,isCheckWall_byCenterRay,isHitFlare,isUseBulletWallFilter,pad1,isNonDependenceMagicForFunnleNum,isAiInterruptShootNoDamageBullet,randomCreateRadius,followOffset_BaseHeight,assetNo_Hit,lifeRandomRange,homingAngleX,ballisticCalcType,attachEffectType,seId_Bullet1,seId_Bullet2,seId_Hit,seId_Flick,howitzerShootAngleXMin,howitzerShootAngleXMax,howitzerInitMinVelocity,howitzerInitMaxVelocity,sfxId_ForceErase,bulletSfxDeleteType_byForceErase,pad3,followDmypoly_forSfxPose,followOffset_Radius,spBulletDistUpRate,nolockTargetDist,pad4,
90000000,Sword of Night and Flame [Star Blast],400000000,523902,523903,-1,2,30,0,-1,0,2.7,40,5,0,45,40,0.1,0,0.4,-1,0,0,0,0,0,0,0,-1,0,0,0,0,0,1,45,0,0,0,0,0,0,0,0,0,0,0,0,0,254,254,254,254,1,0,0,0,0,0,0,0,0,0,0,0,0,1,0,0,1,1,0,0,0,0,1,0,0,0,0,0,0,-1,0,0,0,0,0,0,0,0,0,0,1,0,0,0,0,0,0,-1,0,-1,0,0,-1,-1,-1,-1,0,0,0,0,-1,0,0,-1,0,0,-1,[0|0|0|0|0|0|0|0]
90000001,Sword of Night and Flame [Flame Pillar],301600840,-1,-1,-1,0.05,10,0,999,999,30,50,0,0,50,50,0,15,0.3,-1,0,0,0,2,0,0,0,10612001,0,0,0,0,0,1,0,0,0,0,0,0,0,0,0,0,0,30,0,0,3,12,3,6,0,0,0,0,0,0,0,0,0,0,1,0,0,0,0,0,0,0,0,0,0,0,0,0,0,0,0,0,0,-1,0,0,0,0,0,0,0,0,0,0,0,0,0,0,0,0,0,-1,0,-1,0,0,-1,-1,-1,-1,0,0,0,0,-1,0,0,-1,0,1,0,[0|0|0|0|0|0|0|0]
90000002,Sword of Night and Flame [Magic Wave],400000001,450072,450073,-1,0.15,999,0,0,0,0,30,0,0,30,30,0,0,0.4,-1,0,0,0,0,0,0,0,-1,0,0,0,0,0,3,60,-25,25,6,0,0,0,0,0,0,-6,20,0,0,254,254,254,254,0,0,0,0,0,0,0,0,0,0,0,0,0,1,0,0,1,1,0,0,0,0,0,0,0,0,0,0,0,-1,0,0,0,0,0,0,0,0,0,0,1,0,0,0,0,0,0,-1,0,-1,0,0,-1,-1,-1,-1,0,0,0,0,-1,0,0,-1,0,1,-1,[0|0|0|0|0|0|0|0]
90000003,Sword of Night and Flame [Ember],400000002,524102,-1,-1,0.3,0,0,0,0,0,0,0,0,0,0,0,0,0.6,-1,0,0,0,0,0,0,0,-1,0,0,0,0,0,1,0,0,0,0,0,0,0,0,0,0,0,0,0,0,254,254,254,254,1,1,0,0,0,5,0,0,1,0,0,0,0,0,0,0,1,0,0,0,0,1,0,0,0,0,0,0,0,-1,0,0,0,0,1,0,0,0,0,0,0,0,0,0,0,0,0,-1,0,-1,0,0,-1,-1,-1,-1,0,0,0,0,-1,0,0,-1,0,1,0,[0|0|0|0|0|0|0|0]
90000004,Sword of Night and Flame [Flame Wave],400000002,-1,-1,-1,0.17,2,0,0,0,0,8,0,0,8,8,0,0,0.1,-1,0,0,0,1.5,0,0,0,90000005,0,0,0,0,0,4,0,-60,42,15,0,0,0,0,0,0,-25,0,0,0,3,11,3,6,1,1,0,0,0,0,0,0,1,0,1,0,0,0,0,0,0,0,0,0,0,0,0,0,0,0,0,5,15,-1,0,0,0,0,0,0,0,0,0,0,0,0,0,0,1,0,0,-1,0,-1,0,0,-1,-1,-1,-1,0,0,0,0,-1,0,0,-1,0,1,0,[0|0|0|0|0|0|0|0]
90000005,Sword of Night and Flame [Flame Wave],400000002,524102,-1,-1,0.3,2,0,0,0,0,0,0,0,0,0,0,0,0.8,-1,0,0,0,1.5,0,0,0,-1,0,0,0,0,0,1,0,0,0,0,0,0,0,0,0,0,0,0,0,0,3,11,3,6,0,0,0,0,0,0,0,0,1,0,1,0,0,0,0,0,0,0,0,0,0,0,0,0,0,0,0,0,0,-1,0,0,0,0,0,0,0,0,0,0,0,0,0,0,0,0,0,-1,0,-1,0,0,-1,-1,-1,-1,0,0,0,0,-1,0,0,-1,0,1,0,[0|0|0|0|0|0|0|0]
90000011,Sword of Night and Flame [Magic Stun],400000005,526273,-1,-1,0.1,999,0,0,0,0,0,0,0,0,0,0,0,1,3,0.05,0,0,0,0,0,0,-1,0,0,0,0,0,1,0,0,0,0,0,0,0,0,0,0,0,0,0,0,3,0,0,6,0,0,0,5,0,0,0,0,1,1,0,0,0,0,0,0,1,0,0,0,0,0,0,0,0,0,0,0,0,-1,0,0,0,0,0,0,0,0,0,0,0,0,0,0,1,0,0,-1,0,-1,0,0,-1,-1,-1,-1,0,0,0,0,-1,0,0,-1,0,1,0,[0|0|0|0|0|0|0|0]
90000012,Sword of Night and Flame [MagVertSlash],400000003,450873,450874,-1,1.2,20,0,0,0,0,11,-5,-25,11,5,0.1,0,0.1,-1,0,0,0,99,0,0,0,-1,0,0,0,0,0,1,0,0,0,0,0,0,0,0,0,0,0,10,0,0,254,254,254,254,1,1,0,0,0,0,0,0,0,0,1,0,0,1,0,0,1,1,0,0,0,0,1,0,0,0,0,0,0,90000013,0.01,0.01,0,0,0,0,0,0,0,0,0,0,0,0,0,0,0,-1,0,-1,0,0,-1,-1,-1,-1,0,0,0,0,-1,0,0,-1,0,1,0,[0|0|0|0|0|0|0|0]
90000013,Sword of Night and Flame [MagVertSlash],400000003,-1,450874,-1,0.04,20,0,0,0,0,40,0,0,40,40,0,0,0.3,-1,0,0,0,99,0,0,0,-1,0,0,0,0,0,2,0,-35,70,180,0,0,0,0,0,0,90,0,0,0,254,254,254,254,1,1,0,0,0,0,0,0,0,0,1,0,0,1,0,0,1,1,0,0,0,0,0,0,0,0,0,0,0,-1,0,0,0,0,0,0,0,0,0,0,0,0,0,0,0,0,0,-1,0,-1,0,0,-1,-1,-1,-1,0,0,0,0,-1,0,0,-1,0,1,0,[0|0|0|0|0|0|0|0]
90000014,Sword of Night and Flame [FlmDiagSlash],400000004,-1,-1,-1,0.02,0,0,0,0,0,50,0,0,50,50,0,0,0.4,-1,0,0,0,2,0,0,0,90000016,0,0,0,0,0,16,0,-30,4,3,0,0,0,0,0,0,-25,30,0,0,3,11,1,6,1,0,0,0,0,0,0,0,0,0,1,0,0,0,0,0,0,0,0,0,0,0,0,0,0,0,0,0,0,-1,0,0,0,0,0,0,0,0,0,1,0,0,0,0,0,0,0,-1,0,-1,0,0,-1,-1,-1,-1,0,0,0,0,-1,0,0,-1,0,1,0,[0|0|0|0|0|0|0|0]
90000015,Sword of Night and Flame [FlmDiagSlash2],400000004,-1,-1,-1,0.02,0,0,0,0,0,50,0,0,50,50,0,0,0.4,-1,0,0,0,2,0,0,0,90000016,0,0,0,0,0,16,0,-30,4,-3,0,0,0,0,0,0,25,30,0,0,3,11,1,6,1,0,0,0,0,0,0,0,0,0,1,0,0,0,0,0,0,0,0,0,0,0,0,0,0,0,0,0,0,-1,0,0,0,0,0,0,0,0,0,1,0,0,0,0,0,0,0,-1,0,-1,0,0,-1,-1,-1,-1,0,0,0,0,-1,0,0,-1,0,1,0,[0|0|0|0|0|0|0|0]
90000016,Sword of Night and Flame [FlmDiagSlash],400000004,524052,-1,-1,1.2,0.5,0,-0.2,-0.2,0,11,-5,-25,11,5,0.1,0,0.4,-1,0,0,0,2,0,0,0,-1,0,0,0,0,0,1,0,0,0,0,0,0,0,0,0,0,0,0,0,0,3,11,1,6,1,0,0,0,0,0,0,0,0,0,1,0,0,0,0,0,0,0,0,0,0,0,0,0,0,0,0,0,0,-1,0,0,0,0,0,0,0,0,0,1,0,0,0,0,0,0,0,-1,0,-1,0,0,-1,-1,-1,-1,0,0,0,0,-1,0,0,-1,0,1,0,[0|0|0|0|0|0|0|0]
90000017,Sword of Night and Flame [Firestorm],79981,-1,-1,-1,1,0,0.15,0,0,0,0,0,0,0,0,0,0,0.5,-1,0,0,0,1,0,0,0,90000018,0,0,0,0,0,2,0,0,0,0,0,0,0,0,0,0,0,0,0,0,254,254,254,254,0,0,0,0,0,1,0,0,0,0,1,0,0,0,0,0,1,0,0,0,0,0,0,0,0,0,0,0,0,-1,0,0,0,0,0,0,0,0,0,0,0,0,0,0,0,15,0,-1,0,-1,0,0,-1,-1,-1,-1,0,0,0,0,-1,0,0,-1,0,1,0,[0|0|0|0|0|0|0|0]
90000018,Sword of Night and Flame [Firestorm],1,524034,-1,-1,0.7,0,0,0,0,0,0,0,0,0,0,0,0,0.5,-1,0,0,0,1,0,0,0,90000019,0,0,0,0,0,1,0,0,0,0,0,0,0,0,0,0,0,0,0,0,254,254,254,254,1,1,0,0,0,0,0,0,1,0,1,0,0,0,0,0,1,0,0,0,0,0,0,0,0,0,0,0,0,-1,0,0,0,0,0,0,0,0,0,0,0,0,0,0,0,0,0,-1,0.6,-1,0,0,-1,-1,-1,-1,0,0,0,0,-1,0,0,-1,0,1,0,[0|0|0|0|0|0|0|0]
90000019,Sword of Night and Flame [Firestorm],1,524032,-1,-1,0.1,0,0,0,0,0,0,0,0,0,0,0,0,1,-1,0,0,0,1,0,0,0,90000021,0,0,0,0,0,1,0,0,0,0,0,0,0,0,0,0,0,0,0,0,254,254,254,254,1,1,0,0,0,0,0,0,1,0,1,0,0,0,0,0,1,0,0,0,0,0,0,0,0,0,0,0,0,90000020,0.05,0.05,0,0,0,0,0,0,0,0,0,0,0,0,0,0,0,-1,0,-1,0,0,-1,-1,-1,-1,0,0,0,0,-1,0,0,-1,0,1,0,[0|0|0|0|0|0|0|0]
90000020,Sword of Night and Flame [Firestorm],400000004,-1,524033,-1,0.5,0,0,0,0,0,6,0,0,6,6,0,0,1,-1,0,0,0,0.2,0,0,0,-1,0,0,0,0,0,1,0,0,0,0,0,0,0,0,0,0,90,0,0,0,254,254,254,254,1,1,0,0,0,0,0,0,1,0,1,0,0,0,0,0,1,0,0,0,0,0,0,0,0,0,0,0,0,-1,0,0,0,0,0,0,0,0,0,0,0,0,0,0,0,0,0,-1,0,-1,0,0,-1,-1,-1,-1,0,0,0,0,-1,0,0,-1,0,1,0,[0|0|0|0|0|0|0|0]
90000021,Sword of Night and Flame [Firestorm],400000004,-1,-1,-1,0.5,0,0,0,0,0,0,0,0,0,0,0,0,1,-1,0,0,0,0.2,0,0,0,-1,0,0,0,0,0,1,0,0,0,0,0,0,0,0,0,0,0,0,0,0,254,254,254,254,1,1,0,0,0,0,0,0,1,0,1,0,0,0,0,0,1,0,0,0,0,0,0,0,0,0,0,0,0,-1,0,0,0,0,0,0,0,0,0,0,0,0,0,0,0,0,0,-1,0,-1,0,0,-1,-1,-1,-1,0,0,0,0,-1,0,0,-1,0,1,0,[0|0|0|0|0|0|0|0]
90000022,Sword of Night and Flame [MagHorzSlash3],400000000,450872,450874,-1,0.8,20,0,0,0,2,10,15,15,15,10,0.1,0,0.1,-1,0,0,0,0,0,0,0,-1,0,0,0,0,0,3,0,-40,40,0,0,0,0,0,0,0,0,10,0,0,254,254,254,254,1,1,0,0,0,0,0,0,1,0,1,0,0,1,0,0,1,1,0,0,0,0,1,0,0,0,0,0,0,90000023,0.01,0.01,0,0,0,0,0,0,0,0,0,0,0,0,0,0,0,-1,0,-1,0,0,-1,-1,-1,-1,0,0,0,0,-1,0,0,-1,0,1,0,[0|0|0|0|0|0|0|0]
90000023,Sword of Night and Flame [MagHorzSlash3],400000000,-1,450874,-1,0.06,20,0,0,0,0,45,0,0,45,45,0,0,0.3,-1,0,0,0,0,0,0,0,-1,0,0,0,0,0,2,0,-95,190,0,0,0,0,0,0,0,0,0,0,0,254,254,254,254,1,1,0,0,0,0,0,0,0,0,1,0,0,1,0,0,1,1,0,0,0,0,0,0,0,0,0,0,0,-1,0,0,0,0,0,0,0,0,0,0,0,0,0,0,0,0,0,-1,0,-1,0,0,-1,-1,-1,-1,0,0,0,0,-1,0,0,-1,0,1,0,[0|0|0|0|0|0|0|0]
90000024,Sword of Night and Flame [Flame Wave EX],400000002,450462,-1,-1,0.8,999,0,-0.5,0,0,10,15,15,15,10,0.1,0,0.1,1.2,0.6,0,0,0,0,0,0,-1,0,0,0,0,0,7,0,-60,20,0,0,0,0,0,0,0,0,10,0,0,254,254,254,254,1,1,0,0,0,0,0,0,1,0,1,0,0,1,0,0,0,1,0,0,0,0,0,0,0,0,0,0,0,-1,0,0,0,0,0,0,0,0,0,1,0,0,0,0,0,0,0,-1,0,-1,0,0,-1,-1,-1,-1,0,0,0,0,-1,0,0,-1,0,1,-1,[0|0|0|0|0|0|0|0]
90000025,Sword of Night and Flame [Flame Trail],400000006,524084,-1,-1,6,0,0.3,0,0,0,0,0,0,0,0,0,0,1,-1,0,0,0,1,0,0,0,-1,0,0,0,0,0,1,0,0,0,0,0,0,0,0,0,0,0,0,0,0,254,254,254,254,1,1,0,0,0,0,0,0,1,0,1,0,0,0,0,0,1,0,0,0,0,0,0,0,0,0,0,0,0,-1,0,0,0,0,2,0,0,0,0,0,0,0,0,0,0,0,0,-1,0,-1,0,0,476000020,-1,-1,-1,0,0,0,0,-1,0,0,-1,0,1,0,[0|0|0|0|0|0|0|0]
90000026,Sword of Night and Flame [FlmDiagSlashEX],400000002,-1,-1,-1,0.02,0,0,0,0,0,50,0,0,50,50,0,0,0.4,-1,0,0,0,2,0,0,0,90000027,0,0,0,0,0,16,0,-30,4,3,0,0,0,0,0,0,-25,30,0,0,3,11,1,6,1,0,0,0,0,0,0,0,1,0,1,0,0,0,0,0,0,0,0,0,0,0,0,0,0,0,0,0,0,-1,0,0,0,0,0,0,0,0,0,1,0,0,0,0,0,0,0,-1,0,-1,0,0,-1,-1,-1,-1,0,0,0,0,-1,0,0,-1,0,1,0,[0|0|0|0|0|0|0|0]
90000027,Sword of Night and Flame [FlmDiagSlashEX],400000002,524052,-1,-1,1.2,0.5,0,-0.2,-0.2,0,22,-5,-25,22,5,0.1,0,0.4,-1,0,0,0,2,0,0,0,-1,0,0,0,0,0,1,0,0,0,0,0,0,0,0,0,0,0,0,0,0,3,11,1,6,1,0,0,0,0,0,0,0,1,0,1,0,0,0,0,0,0,0,0,0,0,0,0,0,0,0,0,0,0,-1,0,0,0,0,0,0,0,0,0,1,0,0,0,0,0,0,0,-1,0,-1,0,0,-1,-1,-1,-1,0,0,0,0,-1,0,0,-1,0,1,0,[0|0|0|0|0|0|0|0]
90000028,Sword of Night and Flame [MagArrow],79980,526267,526268,-1,0.9,999,0,0,0,1,30,5,0,70,30,0.2,0,0.2,-1,0,0,0,0,0,0,0,90000029,0,0,0,0,0,1,20,0,0,0,0,0,0,0,0,0,0,30,0,0,3,0,0,6,0,0,0,0,0,0,0,0,0,1,0,0,0,1,0,0,1,1,0,0,0,0,0,0,0,0,0,0,0,-1,0,0,0,0,0,0,0,0,0,0,1,0,0,0,1,0,0,-1,0,-1,0,0,-1,-1,-1,-1,0,0,0,0,-1,0,0,-1,0,1,0,[0|0|0|0|0|0|0|0]
90000029,Sword of Night and Flame [MagArrow],400000000,526278,-1,-1,0.2,999,0,0,0,0,0,0,0,0,0,0,0,1,2,0.05,0,0,0,0,0,0,-1,0,0,0,0,0,1,0,0,0,0,0,0,0,0,0,0,0,0,0,0,3,0,0,6,0,0,0,5,0,0,0,0,1,1,0,0,0,0,0,0,1,0,0,0,0,0,0,0,0,0,0,0,0,-1,0,0,0,0,0,0,0,0,0,0,0,0,0,0,1,0,0,-1,0,-1,0,0,-1,-1,-1,-1,0,0,0,0,-1,0,0,-1,0,1,0,[0|0|0|0|0|0|0|0]
90000030,Sword of Night and Flame [Moonsplosion],400000007,523804,-1,-1,0.1,999,0,0,0,0,0,0.1,0,0,0,0,0,3,3,0,0,0,0,0,0,0,90000037,-1,0,0,0,0,1,0,0,0,0,0,0,0,0,0,0,0,30,0,0,254,254,254,254,1,1,0,0,0,0,0,0,1,0,1,0,0,0,0,0,1,0,0,0,0,0,0,0,0,0,0,0,0,-1,0,0,0,0,0,0,0,0,0,0,0,0,0,0,0,0,0,-1,0,-1,0,0,-1,-1,-1,-1,0,0,0,0,-1,0,0,-1,0,1,0,[0|0|0|0|0|0|0|0]
90000031,Sword of Night and Flame [Star Blast Random],-1,-1,-1,-1,1,99,0,0,0,0,10,0,0,10,0,0,0,0,0,0,0,0,0,0,0,0,-1,0,0,0,0,0,8,0,-180,45,0,0,0,0,0,0,0,0,0,0,0,254,254,254,254,0,0,0,0,0,0,0,0,1,0,0,0,0,0,0,1,0,0,0,0,0,0,0,0,0,0,0,0,0,90000032,0.05,0.15,0,0,0,0,0,0,0,0,1,0,0,0,0,0,0,-1,0,-1,0,0,-1,-1,-1,-1,0,0,0,0,-1,0,0,-1,0,0,0,[0|0|0|0|0|0|0|0]
90000032,Sword of Night and Flame [Star Blast Random],-1,-1,-1,-1,0.01,0,0,0,0,0,500,0,0,500,500,0,0,0,0,0,0,0,0,0,0,0,90000033,0,0,0,0,0,1,0,-30,0,0,0,0,0,0,0,0,45,0,0,0,254,254,254,254,0,0,0,0,0,0,0,0,1,0,0,0,0,1,0,0,1,1,0,0,0,0,0,0,0,0,0,0,0,-1,0,0,0,0,0,0,0,0,0,0,1,0,0,0,0,0,0,-1,0,-1,0,0,-1,-1,-1,-1,0,0,0,0,-1,0,0,-1,0,0,0,[0|0|0|0|0|0|0|0]
90000033,Sword of Night and Flame [Star Blast Random],-1,-1,-1,-1,0.2,0,0,0,0,0,200,0,0,200,200,0,0,0,0,0,0,0,0,0,0,0,-1,0,0,0,0,0,1,0,0,0,0,0,0,0,0,0,0,0,0,0,0,254,254,254,254,1,0,0,0,0,0,0,0,1,0,0,0,0,1,0,0,1,1,0,0,0,0,0,0,0,0,0,60,90,90000034,0.1,0.1,0,0,0,0,0,0,0,0,1,0,0,0,0,0,0,-1,0,-1,0,0,-1,-1,-1,-1,0,0,0,0,-1,0,0,-1,0,0,0,[0|0|0|0|0|0|0|0]
90000034,Sword of Night and Flame [Star Blast Random],-1,-1,523903,-1,0.01,5,0,0,0,0,1,0,0,1,1,0,0,0,0,0,0,0,0,0,0,0,90000035,0,0,0,0,0,1,0,150,0,0,0,0,0,0,0,0,0,0,0,0,254,254,254,254,0,0,0,0,0,0,0,0,1,0,0,0,0,1,0,0,1,1,0,0,0,0,0,0,0,0,0,0,0,-1,0,0,0,0,0,0,0,0,0,0,1,0,0,0,0,0,0,-1,0,-1,0,0,-1,-1,-1,-1,0,0,0,0,-1,0,0,-1,0,0,0,[0|0|0|0|0|0|0|0]
90000035,Sword of Night and Flame [Star Blast Random],400000005,523902,-1,-1,0.05,5,0,0,0,0,500,0,0,500,500,0,0,1,1,0.01,0,0,0,0,0,0,-1,0,0,0,0,0,1,0,0,0,0,0,0,0,0,0,0,0,0,0,0,254,254,254,254,0,0,0,0,0,0,0,0,1,0,0,0,0,1,0,0,1,1,0,0,0,0,0,0,0,0,0,60,0,-1,0,0,0,0,0,0,0,0,0,0,1,0,0,0,0,0,0,-1,0,-1,0,0,-1,-1,-1,-1,0,0,0,0,-1,0,0,-1,0,0,0,[0|0|0|0|0|0|0|0]
90000036,Sword of Night and Flame [InvMagAttk],400000000,-1,-1,-1,1,999,0,0,0,0,0,0.1,0,0,0,0,0,22,22,0,0,0,0.1,0,0,0,-1,-1,0,0,0,0,1,0,0,0,0,0,0,0,0,0,0,0,30,0,0,254,254,254,254,1,1,0,0,0,0,0,0,1,0,1,0,0,0,0,0,1,0,0,0,0,0,0,0,0,0,0,0,0,-1,0,0,0,0,0,0,0,0,0,0,0,0,0,0,0,0,0,-1,0,-1,0,0,-1,-1,-1,-1,0,0,0,0,-1,0,0,-1,0,1,0,[0|0|0|0|0|0|0|0]
90000037,Sword of Night and Flame [MagFlame],400000005,646043,-1,-1,3,0,0,0,0,0,0,0,0,0,0,0,0,6.5,-1,0,0,0,0.2,0,0,0,-1,0,0,0,0,0,1,0,0,0,0,0,0,0,0,0,0,0,0,0,0,254,254,254,254,1,1,0,0,0,0,0,1,1,0,1,0,0,0,0,0,0,0,0,0,0,0,0,0,0,0,0,0,0,-1,0,0,0,0,0,0,0,0,0,0,0,0,0,0,0,0,0,-1,0,-1,0,0,-1,-1,-1,-1,0,0,0,0,-1,0,0,-1,0,1,0,[0|0|0|0|0|0|0|0]
90000038,Sword of Night and Flame [Firesplosion],400000002,524083,-1,-1,0.2,999,0,0,0,0,0,0.1,0,0,0,0,0,3,3,0,0,0,0,0,0,0,90000045,-1,0,0,0,0,1,0,0,0,0,0,0,0,0,0,0,0,30,0,0,254,254,254,254,1,1,0,0,0,0,0,0,1,0,1,0,0,0,0,0,1,0,0,0,0,0,0,0,0,0,0,0,0,-1,0,0,0,0,0,0,0,0,0,0,0,0,0,0,0,0,0,-1,0,-1,0,0,-1,-1,-1,-1,0,0,0,0,-1,0,0,-1,0,1,0,[0|0|0|0|0|0|0|0]
90000039,Sword of Night and Flame [Fireball Random],-1,-1,-1,-1,1,99,0,0,0,0,10,0,0,10,0,0,0,0,0,0,0,0,0,0,0,0,-1,0,0,0,0,0,8,0,-180,45,0,0,0,0,0,0,0,0,0,0,0,254,254,254,254,0,0,0,0,0,0,0,0,1,0,0,0,0,0,0,1,0,0,0,0,0,0,0,0,0,0,0,0,0,90000040,0.05,0.15,0,0,0,0,0,0,0,0,1,0,0,0,0,0,0,-1,0,-1,0,0,-1,-1,-1,-1,0,0,0,0,-1,0,0,-1,0,0,0,[0|0|0|0|0|0|0|0]
90000040,Sword of Night and Flame [Fireball Random],-1,-1,-1,-1,0.01,0,0,0,0,0,500,0,0,500,500,0,0,0,0,0,0,0,0,0,0,0,90000041,0,0,0,0,0,1,0,-30,0,0,0,0,0,0,0,0,45,0,0,0,254,254,254,254,0,0,0,0,0,0,0,0,1,0,0,0,0,1,0,0,1,1,0,0,0,0,0,0,0,0,0,0,0,-1,0,0,0,0,0,0,0,0,0,0,1,0,0,0,0,0,0,-1,0,-1,0,0,-1,-1,-1,-1,0,0,0,0,-1,0,0,-1,0,0,0,[0|0|0|0|0|0|0|0]
90000041,Sword of Night and Flame [Fireball Random],-1,-1,-1,-1,0.2,0,0,0,0,0,200,0,0,200,200,0,0,0,0,0,0,0,0,0,0,0,-1,0,0,0,0,0,1,0,0,0,0,0,0,0,0,0,0,0,0,0,0,254,254,254,254,1,0,0,0,0,0,0,0,1,0,0,0,0,1,0,0,1,1,0,0,0,0,0,0,0,0,0,60,90,90000042,0.1,0.1,0,0,0,0,0,0,0,0,1,0,0,0,0,0,0,-1,0,-1,0,0,-1,-1,-1,-1,0,0,0,0,-1,0,0,-1,0,0,0,[0|0|0|0|0|0|0|0]
90000042,Sword of Night and Flame [Fireball Random],-1,-1,523903,-1,0.01,5,0,0,0,0,1,0,0,1,1,0,0,0,0,0,0,0,0,0,0,0,90000043,0,0,0,0,0,1,0,150,0,0,0,0,0,0,0,0,0,0,0,0,254,254,254,254,0,0,0,0,0,0,0,0,1,0,0,0,0,1,0,0,1,1,0,0,0,0,0,0,0,0,0,0,0,-1,0,0,0,0,0,0,0,0,0,0,1,0,0,0,0,0,0,-1,0,-1,0,0,-1,-1,-1,-1,0,0,0,0,-1,0,0,-1,0,0,0,[0|0|0|0|0|0|0|0]
90000043,Sword of Night and Flame [Fireball Random],400000006,524007,-1,-1,0.05,5,0,0,0,0,500,0,0,500,500,0,0,1,1,0.01,0,0,0,0,0,0,-1,0,0,0,0,0,1,0,0,0,0,0,0,0,0,0,0,0,0,0,0,254,254,254,254,0,0,0,0,0,0,0,0,1,0,0,0,0,1,0,0,1,1,0,0,0,0,0,0,0,0,0,60,0,-1,0,0,0,0,0,0,0,0,0,0,1,0,0,0,0,0,0,-1,0,-1,0,0,-1,-1,-1,-1,0,0,0,0,-1,0,0,-1,0,0,0,[0|0|0|0|0|0|0|0]
90000044,Sword of Night and Flame [InvFirAttk],400000002,-1,-1,-1,1,999,0,0,0,0,0,0.1,0,0,0,0,0,22,22,0,0,0,0.1,0,0,0,-1,-1,0,0,0,0,1,0,0,0,0,0,0,0,0,0,0,0,30,0,0,254,254,254,254,1,1,0,0,0,0,0,0,1,0,1,0,0,0,0,0,1,0,0,0,0,0,0,0,0,0,0,0,0,-1,0,0,0,0,0,0,0,0,0,0,0,0,0,0,0,0,0,-1,0,-1,0,0,-1,-1,-1,-1,0,0,0,0,-1,0,0,-1,0,1,0,[0|0|0|0|0|0|0|0]
90000045,Sword of Night and Flame [Firegust],79981,-1,-1,-1,1,0,0.15,0,0,0,0,0,0,0,0,0,0,0.5,-1,0,0,0,1,0,0,0,90000046,0,0,0,0,0,12,0,0,0,0,0,0,0,0,0,0,0,0,0,0,254,254,254,254,0,0,0,0,0,1,0,0,0,0,1,0,0,0,0,0,1,0,0,0,0,0,0,0,0,0,0,0,0,-1,0,0,0,0,0,0,0,0,0,0,0,0,0,0,0,12,0,-1,0,-1,0,0,-1,-1,-1,-1,0,0,0,0,-1,0,0,-1,0,1,0,[0|0|0|0|0|0|0|0]
90000046,Sword of Night and Flame [Firegust],400000006,524084,-1,-1,3,0,0,0,0,0,0,0,0,0,0,0,0,0.5,-1,0,0,0,0.2,0,0,0,-1,0,0,0,0,0,1,0,0,0,0,0,0,0,0,0,0,0,0,0,0,254,254,254,254,1,1,0,0,0,0,0,0,1,0,1,0,0,0,0,0,1,0,0,0,0,0,0,0,0,0,0,0,0,-1,0,0,0,0,0,0,0,0,0,0,0,0,0,0,0,0,0,-1,0.6,-1,0,0,-1,-1,-1,-1,0,0,0,0,-1,0,0,-1,0,1,0,[0|0|0|0|0|0|0|0]
90000047,Sword of Night and Flame [FlmVertSlash],400000002,-1,-1,-1,0.02,0,0,0,0,0,50,0,0,50,50,0,0,0.4,-1,0,0,0,2,0,0,0,90000027,0,0,0,0,0,16,0,0,0,3,0,0,0,0,0,0,-10,30,0,0,3,11,1,6,1,0,0,0,0,0,0,0,1,0,1,0,0,0,0,0,0,0,0,0,0,0,0,0,0,0,0,0,0,-1,0,0,0,0,0,0,0,0,0,1,0,0,0,0,0,0,0,-1,0,-1,0,0,-1,-1,-1,-1,0,0,0,0,-1,0,0,-1,0,1,0,[0|0|0|0|0|0|0|0]
90000048,Sword of Night and Flame [Firesplosion2],400000002,524083,-1,-1,0.2,999,0,0,0,0,0,0.1,0,0,0,0,0,3,3,0,0,0,0,0,0,0,-1,-1,0,0,0,0,1,0,0,0,0,0,0,0,0,0,0,0,30,0,0,254,254,254,254,1,1,0,0,0,0,0,0,1,0,1,0,0,0,0,0,1,0,0,0,0,0,0,0,0,0,0,0,0,-1,0,0,0,0,0,0,0,0,0,0,0,0,0,0,0,0,0,-1,0,-1,0,0,-1,-1,-1,-1,0,0,0,0,-1,0,0,-1,0,1,0,[0|0|0|0|0|0|0|0]
90000049,Sword of Night and Flame [Moonsplosion2],400000000,523804,-1,-1,0.2,999,0,0,0,0,0,0.1,0,0,0,0,0,3,3,0,0,0,0,0,0,0,-1,-1,0,0,0,0,1,0,0,0,0,0,0,0,0,0,0,0,30,0,0,254,254,254,254,1,1,0,0,0,0,0,0,1,0,1,0,0,0,0,0,1,0,0,0,0,0,0,0,0,0,0,0,0,-1,0,0,0,0,0,0,0,0,0,0,0,0,0,0,0,0,0,-1,0,-1,0,0,-1,-1,-1,-1,0,0,0,0,-1,0,0,-1,0,1,0,[0|0|0|0|0|0|0|0]
90000050,Sword of Night and Flame [Sun],-1,524082,-1,-1,4.8,999,0,0,0,0,2,-5,0,2,0,0.1,0,0,0,0,0,0,0,0,0,0,-1,-1,0,0,0,0,1,0,90,0,0,0,0,0,0,0,0,45,30,0,0,254,254,254,254,1,1,0,0,0,0,0,0,1,0,0,0,0,0,0,0,1,0,0,0,0,0,0,0,0,0,0,0,0,90000053,0.1,0.2,0,0,0,41,0,0,0,0,0,0,0,0,0,0,0,-1,0,-1,0,0,-1,-1,-1,-1,0,0,0,0,-1,0,0,-1,0,1,0,[0|0|0|0|0|0|0|0]
90000051,Sword of Night and Flame [Moon],-1,523803,-1,-1,4.8,999,0,0,0,0,2,-5,0,2,0,0.1,0,0,0,0,0,0,0,0,0,0,-1,-1,0,0,0,0,1,0,-90,0,0,0,0,0,0,0,0,45,30,0,0,254,254,254,254,1,1,0,0,0,0,0,0,1,0,0,0,0,0,0,0,1,0,0,0,0,0,0,0,0,0,0,0,0,90000052,0.1,0.2,0,0,0,42,0,0,0,0,0,0,0,0,0,0,0,-1,0,-1,0,0,-1,-1,-1,-1,0,0,0,0,-1,0,0,-1,0,1,0,[0|0|0|0|0|0|0|0]
90000052,Sword of Night and Flame [Star Blast Weak3],400000007,523902,523903,-1,2,30,0,-1,0,2.7,40,5,0,45,40,0.1,0,0.4,-1,0,0,0,0.01,0,0,0,-1,0,0,0,0,0,1,360,0,0,0,0,0,0,0,0,0,0,45,0,0,254,254,254,254,0,0,0,0,0,0,0,0,0,0,0,0,0,1,0,0,1,1,0,1,0,0,1,0,0,0,0,25,35,-1,0,0,0,0,0,0,0,0,0,0,1,0,0,0,0,0,0,-1,0,-1,0,0,-1,-1,-1,-1,0,0,0,0,-1,0,0,-1,0,0,-1,[0|0|0|0|0|0|0|0]
90000053,Sword of Night and Flame [Fireball Weak3],400000008,524002,524003,-1,2,30,0,-1,0,2.7,40,5,0,45,40,0.1,0,0.4,-1,0,0,0,0.01,0,0,0,90000054,0,0,0,0,0,1,360,0,0,0,0,0,0,0,0,0,0,45,0,0,254,254,254,254,0,0,0,0,0,0,0,0,0,0,0,0,0,1,0,0,1,1,0,1,0,0,0,0,0,0,0,25,35,-1,0,0,0,0,0,0,0,0,0,1,0,0,0,0,1,0,0,-1,0,-1,0,0,-1,-1,-1,-1,0,0,0,0,-1,0,0,-1,0,1,0,[0|0|0|0|0|0|0|0]
90000054,Sword of Night and Flame [Fireball Weak3],-1,-1,-1,-1,0.1,0,0,0,0,0,0,0,0,0,0,0,0,1,-1,0,0,0,0.01,0,0,0,-1,0,0,0,0,0,1,0,0,0,0,0,0,0,0,0,0,0,0,0,0,254,254,254,254,1,1,0,5,0,0,0,0,1,0,0,0,0,0,0,0,1,0,0,0,0,0,0,0,0,0,0,0,0,-1,0,0,0,0,0,0,0,0,0,0,0,0,0,0,0,0,0,-1,0,-1,0,0,-1,-1,-1,-1,0,0,0,0,-1,0,0,-1,0,1,0,[0|0|0|0|0|0|0|0]
90000055,Sword of Night and Flame [Flame Wave2],400000002,-1,-1,-1,0.17,2,0,0,0,0,8,0,0,8,8,0,0,0.1,-1,0,0,0,1.5,0,0,0,90000005,0,0,0,0,0,4,0,-60,42,0,0,0,0,0,0,0,0,0,0,0,3,11,3,6,1,1,0,0,0,0,0,0,1,0,1,0,0,0,0,0,0,0,0,0,0,0,0,0,0,0,0,5,15,-1,0,0,0,0,0,0,0,0,0,0,0,0,0,0,1,0,0,-1,0,-1,0,0,-1,-1,-1,-1,0,0,0,0,-1,0,0,-1,0,1,0,[0|0|0|0|0|0|0|0]
90000056,Sword of Night and Flame [LilMagSplo],400000005,526278,-1,-1,0.1,999,0,0,0,0,0,0,0,0,0,0,0,1,2,0.05,0,0,0,0,0,0,-1,0,0,0,0,0,1,0,0,0,0,0,0,0,0,0,0,0,0,0,0,3,0,0,6,0,0,0,5,0,0,0,0,1,1,0,0,0,0,0,0,1,0,0,0,0,0,0,0,0,0,0,0,0,-1,0,0,0,0,0,0,0,0,0,0,0,0,0,0,1,0,0,-1,0,-1,0,0,-1,-1,-1,-1,0,0,0,0,-1,0,0,-1,0,1,0,[0|0|0|0|0|0|0|0]
90000057,Sword of Night and Flame [FlmVertSlash],400000004,-1,-1,-1,0.02,0,0,0,0,0,50,0,0,50,50,0,0,0.4,-1,0,0,0,2,0,0,0,90000016,0,0,0,0,0,16,0,0,0,3,0,0,0,0,0,0,-25,30,0,0,3,11,1,6,1,0,0,0,0,0,0,0,0,0,1,0,0,0,0,0,0,0,0,0,0,0,0,0,0,0,0,0,0,-1,0,0,0,0,0,0,0,0,0,1,0,0,0,0,0,0,0,-1,0,-1,0,0,-1,-1,-1,-1,0,0,0,0,-1,0,0,-1,0,1,0,[0|0|0|0|0|0|0|0]
