ID,Name,variationId,behaviorJudgeId,ezStateBehaviorType_old,refType,pad2,refId,consumeSA,stamina,consumeDurability,category,heroPoint,pad1,
500000500,Moonveil - [Ash of War] Transient Moonlight - FP - Bullet,0,500,1,1,[0|0],2950,0,0,0,1,0,[0|0]
500000501,Moonveil - [Ash of War] Transient Moonlight - FP - Slash,0,501,1,0,[0|0],303400101,0,30,0,12,0,[0|0]
500000505,Moonveil - [Ash of War] Transient Moonlight - No FP - Bullet,0,505,1,1,[0|0],2955,0,0,0,1,0,[0|0]
500000506,Moonveil - [Ash of War] Transient Moonlight - No FP - Slash,0,506,1,0,[0|0],303400106,0,30,0,12,0,[0|0]
