ID,Name,atkId_Bullet,sfxId_Bullet,sfxId_Hit,sfxId_Flick,life,dist,shootInterval,gravityInRange,gravityOutRange,hormingStopRange,initVellocity,accelInRange,accelOutRange,maxVellocity,minVellocity,accelTime,homingBeginDist,hitRadius,hitRadiusMax,spreadTime,expDelay,hormingOffsetRange,dmgHitRecordLifeTime,externalForce,spEffectIDForShooter,autoSearchNPCThinkID,HitBulletID,spEffectId0,spEffectId1,spEffectId2,spEffectId3,spEffectId4,numShoot,homingAngle,shootAngle,shootAngleInterval,shootAngleXInterval,damageDamp,spelDamageDamp,fireDamageDamp,thunderDamageDamp,staminaDamp,knockbackDamp,shootAngleXZ,lockShootLimitAng,pad2,prevVelocityDirRate,atkAttribute,spAttribute,Material_AttackType,Material_AttackMaterial,isPenetrateChr,isPenetrateObj,pad,launchConditionType,FollowType,EmittePosType,isAttackSFX,isEndlessHit,isPenetrateMap,isHitBothTeam,isUseSharedHitList,isUseMultiDmyPolyIfPlace,isHitOtherBulletForceEraseA,isHitOtherBulletForceEraseB,isHitForceMagic,isIgnoreSfxIfHitWater,isIgnoreMoveStateIfHitWater,isHitDarkForceMagic,dmgCalcSide,isEnableAutoHoming,isSyncBulletCulcDumypolyPos,isOwnerOverrideInitAngle,isInheritSfxToChild,darkDamageDamp,bulletSfxDeleteType_byHit,bulletSfxDeleteType_byLifeDead,targetYOffsetRange,shootAngleYMaxRandom,shootAngleXMaxRandom,intervalCreateBulletId,intervalCreateTimeMin,intervalCreateTimeMax,predictionShootObserveTime,intervalCreateWaitTime,sfxPostureType,createLimitGroupId,pad5,isInheritSpeedToChild,isDisableHitSfx_byChrAndObj,isCheckWall_byCenterRay,isHitFlare,isUseBulletWallFilter,pad1,isNonDependenceMagicForFunnleNum,isAiInterruptShootNoDamageBullet,randomCreateRadius,followOffset_BaseHeight,assetNo_Hit,lifeRandomRange,homingAngleX,ballisticCalcType,attachEffectType,seId_Bullet1,seId_Bullet2,seId_Hit,seId_Flick,howitzerShootAngleXMin,howitzerShootAngleXMax,howitzerInitMinVelocity,howitzerInitMaxVelocity,sfxId_ForceErase,bulletSfxDeleteType_byForceErase,pad3,followDmypoly_forSfxPose,followOffset_Radius,spBulletDistUpRate,nolockTargetDist,pad4,
2950,Moonveil,303400100,450122,-1,-1,0.15,40,0,0,0,0,0,0,0,0,0,0,0,2,-1,0,0,0,0.1,0,0,0,2320,0,0,0,0,0,1,0,0,0,0,0,0,0,0,0,0,0,0,0,0,254,254,254,254,1,1,0,0,0,0,0,0,0,0,1,0,0,1,0,0,1,1,0,0,0,0,1,0,0,0,0,0,0,2951,0.01,0.01,0,0,0,0,0,0,0,0,0,0,0,0,0,0,0,-1,0,-1,0,0,-1,-1,-1,-1,0,0,0,0,-1,0,0,-1,0,1,0,[0|0|0|0|0|0|0|0]
2951,Moonveil,303400100,-1,-1,-1,0.06,20,0,0,0,0,45,0,0,45,45,0,0,0.3,-1,0,0,0,99,0,0,0,-1,0,0,0,0,0,2,0,-95,190,0,0,0,0,0,0,0,0,0,0,0,254,254,254,254,1,1,0,0,0,0,0,0,0,0,1,0,0,1,0,0,1,1,0,0,0,0,0,0,0,0,0,0,0,-1,0,0,0,0,0,0,0,0,0,0,0,0,0,0,0,0,0,-1,0,-1,0,0,-1,-1,-1,-1,0,0,0,0,-1,0,0,-1,0,1,0,[0|0|0|0|0|0|0|0]
2955,Moonveil,303400105,525422,525423,-1,1.5,20,0,0,0,0,25,0,0,25,25,0,0,0.1,-1,0,0,0,99,0,0,0,2320,6850,6865,0,0,0,1,0,0,0,0,0,0,0,0,0,0,0,35,0,0,254,254,254,254,1,1,0,0,0,0,0,0,0,0,1,0,0,1,0,0,1,1,0,0,0,0,1,0,0,0,0,0,0,2956,0.01,0.01,0,0,0,0,0,0,0,0,0,0,0,0,0,0,0,-1,0,-1,0,0,-1,-1,-1,-1,0,0,0,0,-1,0,0,-1,0,1,0,[0|0|0|0|0|0|0|0]
2956,Moonveil,303400105,525422,-1,-1,0.04,20,0,0,0,0,40,0,0,40,40,0,0,0.3,-1,0,0,0,99,0,0,0,-1,0,0,0,0,0,1,0,-35,70,150,0,0,0,0,0,0,90,0,0,0,254,254,254,254,1,1,0,0,0,0,0,0,0,0,1,0,0,1,0,0,1,1,0,0,0,0,0,0,0,0,0,0,0,-1,0,0,0,0,0,0,0,0,0,0,0,0,0,0,0,0,0,-1,0,-1,0,0,-1,-1,-1,-1,0,0,0,0,-1,0,0,-1,0,1,0,[0|0|0|0|0|0|0|0]
