ID,Name,disableParam_NT,disableParamReserve1,disableParamReserve2,refId_default,sfxVariationId,weight,basicPrice,sellValue,behaviorId,replaceItemId,sortId,appearanceReplaceItemId,yesNoDialogMessageId,useEnableSpEffectType,potGroupId,pad,iconId,modelId,shopLv,compTrophySedId,trophySeqId,maxNum,consumeHeroPoint,overDexterity,goodsType,refCategory,spEffectCategory,pad3,goodsUseAnim,opmeMenuType,useLimitCategory,replaceCategory,reserve4,enable_live,enable_gray,enable_white,enable_black,enable_multi,disable_offline,isEquip,isConsume,isAutoEquip,isEstablishment,isOnlyOne,isDiscard,isDeposit,isDisableHand,isRemoveItem_forGameClear,isSuppleItem,isFullSuppleItem,isEnhance,isFixItem,disableMultiDropShare,disableUseAtColiseum,disableUseAtOutOfColiseum,isEnableFastUseItem,isApplySpecialEffect,syncNumVaryId,refId_1,refVirtualWepId,vagrantItemLotId,vagrantBonusEneDropItemLotId,vagrantItemEneDropItemLotId,castSfxId,fireSfxId,effectSfxId,enable_ActiveBigRune,isBonfireWarpItem,enable_Ladder,isUseMultiPlayPreparation,canMultiUse,isShieldEnchant,isWarpProhibited,isUseMultiPenaltyOnly,suppleType,autoReplenishType,isDrop,showLogCondType,isSummonHorse,showDialogCondType,isSleepCollectionItem,enableRiding,disableRiding,maxRepositoryNum,sortGroupId,isUseNoAttackRegion,pad1,saleValue,rarity,useLimitSummonBuddy,useLimitSpEffectType,aiUseJudgeId,consumeMP,consumeHP,reinforceGoodsId,reinforceMaterialId,reinforcePrice,useLevel_vowType0,useLevel_vowType1,useLevel_vowType2,useLevel_vowType3,useLevel_vowType4,useLevel_vowType5,useLevel_vowType6,useLevel_vowType7,useLevel_vowType8,useLevel_vowType9,useLevel_vowType10,useLevel_vowType11,useLevel_vowType12,useLevel_vowType13,useLevel_vowType14,useLevel_vowType15,useLevel,reserve5,itemGetTutorialFlagId,reserve3,
273000,Lion Guardian,1,0,[0|0|0],273000,-1,0,0,-1,0,-1,70232,-1,20000610,0,-1,0,626,0,-1,-1,-1,1,0,50,8,2,0,0,34,13,0,0,[0|0],1,1,1,1,1,0,1,0,0,0,0,1,0,0,0,0,0,0,0,0,0,0,0,0,0,-1,-1,-1,-1,-1,-1,-1,-1,1,0,0,1,0,0,0,0,0,0,0,1,0,2,0,1,0,600,40,1,0,0,2,1,0,-1,50,-1,273001,10100,1040,0,0,0,0,0,0,0,0,0,0,0,0,0,0,0,0,0,[0|0],710550,[0|0|0|0|0|0|0|0]
273001,Lion Guardian +1,1,0,[0|0|0],273001,-1,0,0,-1,0,-1,70233,-1,20000610,0,-1,0,626,0,-1,-1,-1,1,0,50,8,2,0,0,34,13,0,0,[0|0],1,1,1,1,1,0,1,0,0,0,0,1,0,0,0,0,0,0,0,0,0,0,0,0,0,-1,-1,-1,-1,-1,-1,-1,-1,1,0,0,1,0,0,0,0,0,0,0,1,0,2,0,1,0,600,40,1,0,0,2,1,0,-1,50,-1,273002,10101,1664,0,0,0,0,0,0,0,0,0,0,0,0,0,0,0,0,0,[0|0],710550,[0|0|0|0|0|0|0|0]
273002,Lion Guardian +2,1,0,[0|0|0],273002,-1,0,0,-1,0,-1,70234,-1,20000610,0,-1,0,626,0,-1,-1,-1,1,0,50,8,2,0,0,34,13,0,0,[0|0],1,1,1,1,1,0,1,0,0,0,0,1,0,0,0,0,0,0,0,0,0,0,0,0,0,-1,-1,-1,-1,-1,-1,-1,-1,1,0,0,1,0,0,0,0,0,0,0,1,0,2,0,1,0,600,40,1,0,0,2,1,0,-1,50,-1,273003,10102,2288,0,0,0,0,0,0,0,0,0,0,0,0,0,0,0,0,0,[0|0],710550,[0|0|0|0|0|0|0|0]
273003,Lion Guardian +3,1,0,[0|0|0],273003,-1,0,0,-1,0,-1,70235,-1,20000610,0,-1,0,626,0,-1,-1,-1,1,0,50,8,2,0,0,34,13,0,0,[0|0],1,1,1,1,1,0,1,0,0,0,0,1,0,0,0,0,0,0,0,0,0,0,0,0,0,-1,-1,-1,-1,-1,-1,-1,-1,1,0,0,1,0,0,0,0,0,0,0,1,0,2,0,1,0,600,40,1,0,0,2,1,0,-1,50,-1,273004,10103,2912,0,0,0,0,0,0,0,0,0,0,0,0,0,0,0,0,0,[0|0],710550,[0|0|0|0|0|0|0|0]
273004,Lion Guardian +4,1,0,[0|0|0],273004,-1,0,0,-1,0,-1,70236,-1,20000610,0,-1,0,626,0,-1,-1,-1,1,0,50,8,2,0,0,34,13,0,0,[0|0],1,1,1,1,1,0,1,0,0,0,0,1,0,0,0,0,0,0,0,0,0,0,0,0,0,-1,-1,-1,-1,-1,-1,-1,-1,1,0,0,1,0,0,0,0,0,0,0,1,0,2,0,1,0,600,40,1,0,0,2,1,0,-1,50,-1,273005,10104,3536,0,0,0,0,0,0,0,0,0,0,0,0,0,0,0,0,0,[0|0],710550,[0|0|0|0|0|0|0|0]
273005,Lion Guardian +5,1,0,[0|0|0],273005,-1,0,0,-1,0,-1,70237,-1,20000610,0,-1,0,626,0,-1,-1,-1,1,0,50,8,2,0,0,34,13,0,0,[0|0],1,1,1,1,1,0,1,0,0,0,0,1,0,0,0,0,0,0,0,0,0,0,0,0,0,-1,-1,-1,-1,-1,-1,-1,-1,1,0,0,1,0,0,0,0,0,0,0,1,0,2,0,1,0,600,40,1,0,0,2,1,0,-1,50,-1,273006,10105,4160,0,0,0,0,0,0,0,0,0,0,0,0,0,0,0,0,0,[0|0],710550,[0|0|0|0|0|0|0|0]
273006,Lion Guardian +6,1,0,[0|0|0],273006,-1,0,0,-1,0,-1,70238,-1,20000610,0,-1,0,626,0,-1,-1,-1,1,0,50,8,2,0,0,34,13,0,0,[0|0],1,1,1,1,1,0,1,0,0,0,0,1,0,0,0,0,0,0,0,0,0,0,0,0,0,-1,-1,-1,-1,-1,-1,-1,-1,1,0,0,1,0,0,0,0,0,0,0,1,0,2,0,1,0,600,40,1,0,0,2,1,0,-1,50,-1,273007,10106,4784,0,0,0,0,0,0,0,0,0,0,0,0,0,0,0,0,0,[0|0],710550,[0|0|0|0|0|0|0|0]
273007,Lion Guardian +7,1,0,[0|0|0],273007,-1,0,0,-1,0,-1,70239,-1,20000610,0,-1,0,626,0,-1,-1,-1,1,0,50,8,2,0,0,34,13,0,0,[0|0],1,1,1,1,1,0,1,0,0,0,0,1,0,0,0,0,0,0,0,0,0,0,0,0,0,-1,-1,-1,-1,-1,-1,-1,-1,1,0,0,1,0,0,0,0,0,0,0,1,0,2,0,1,0,600,40,1,0,0,2,1,0,-1,50,-1,273008,10107,5408,0,0,0,0,0,0,0,0,0,0,0,0,0,0,0,0,0,[0|0],710550,[0|0|0|0|0|0|0|0]
273008,Lion Guardian +8,1,0,[0|0|0],273008,-1,0,0,-1,0,-1,70240,-1,20000610,0,-1,0,626,0,-1,-1,-1,1,0,50,8,2,0,0,34,13,0,0,[0|0],1,1,1,1,1,0,1,0,0,0,0,1,0,0,0,0,0,0,0,0,0,0,0,0,0,-1,-1,-1,-1,-1,-1,-1,-1,1,0,0,1,0,0,0,0,0,0,0,1,0,2,0,1,0,600,40,1,0,0,2,1,0,-1,50,-1,273009,10108,6032,0,0,0,0,0,0,0,0,0,0,0,0,0,0,0,0,0,[0|0],710550,[0|0|0|0|0|0|0|0]
273009,Lion Guardian +9,1,0,[0|0|0],273009,-1,0,0,-1,0,-1,70241,-1,20000610,0,-1,0,626,0,-1,-1,-1,1,0,50,8,2,0,0,34,13,0,0,[0|0],1,1,1,1,1,0,1,0,0,0,0,1,0,0,0,0,0,0,0,0,0,0,0,0,0,-1,-1,-1,-1,-1,-1,-1,-1,1,0,0,1,0,0,0,0,0,0,0,1,0,2,0,1,0,600,40,1,0,0,2,1,0,-1,50,-1,273010,10109,7280,0,0,0,0,0,0,0,0,0,0,0,0,0,0,0,0,0,[0|0],710550,[0|0|0|0|0|0|0|0]
273010,Lion Guardian +10,1,0,[0|0|0],273010,-1,0,0,-1,0,-1,70242,-1,20000610,0,-1,0,626,0,-1,-1,-1,1,0,50,8,2,0,0,34,13,0,0,[0|0],1,1,1,1,1,0,1,0,0,0,0,1,0,0,0,0,0,0,0,0,0,0,0,0,0,-1,-1,-1,-1,-1,-1,-1,-1,1,0,0,1,0,0,0,0,0,0,0,1,0,2,0,1,0,600,40,1,0,0,2,1,0,-1,50,-1,-1,-1,0,0,0,0,0,0,0,0,0,0,0,0,0,0,0,0,0,0,[0|0],710550,[0|0|0|0|0|0|0|0]
