ID,Name,variationId,behaviorJudgeId,ezStateBehaviorType_old,refType,pad2,refId,consumeSA,stamina,consumeDurability,category,heroPoint,pad1,
900000250,Deathborne Odachi - Multislash Orb,0,250,1,1,[0|0],2320,0,20,0,12,0,[0|0]
900000251,Deathborne Odachi - Black Knife Projectile,0,251,1,1,[0|0],900000251,0,36,0,12,0,[0|0]
900000252,Deathborne Odachi - Black Blade #1,0,252,1,1,[0|0],900000252,0,20,0,12,0,[0|0]
900000253,Deathborne Odachi - Black Blade #2 ,0,253,1,1,[0|0],900000253,0,20,0,12,0,[0|0]
900000254,Deathborne Odachi - Black Blade #3,0,254,1,1,[0|0],900000254,0,20,0,12,0,[0|0]
900000255,Deathborne Odachi - Black Blade #4,0,255,1,1,[0|0],900000255,0,20,0,12,0,[0|0]
900000257,[Black Knife Assassin] Bullet,0,257,1,1,[0|0],2100300,0,0,0,6,0,[0|0]
900000258,Deathborne Odachi - Corpse Wax Cutter,258,0,1,1,[0|0],3060,0,25,0,0,0,[0|0]
900000259,Black Blade no Slashes,0,259,1,1,[0|0],10753010,0,0,0,12,0,[0|0]
900000260,Black Blade no Slashes,0,260,1,1,[0|0],10753030,0,0,0,12,0,[0|0]
