ID,Name,variationId,behaviorJudgeId,ezStateBehaviorType_old,refType,pad2,refId,consumeSA,stamina,consumeDurability,category,heroPoint,pad1,
500000000,Godslayer's Wolfsword Hit #1,0,0,1,0,[0|0],404000,0,0,0,1,0,[0|0]
500000010,Godslayer's Wolfsword Hit #2,0,10,1,0,[0|0],404010,0,15,0,1,0,[0|0]
500000020,Godslayer's Wolfsword Hit #3,0,20,1,0,[0|0],404020,0,15,0,1,0,[0|0]
500000305,Godslayer's Greatsword Hit #4,0,305,1,0,[0|0],300000305,0,20,0,1,0,[0|0]
500000900,Black Blade Melee Hit #3,0,900,1,0,[0|0],300800300,0,20,0,12,0,[0|0]
500000901,Black Blade Melee Hit #4,0,901,1,0,[0|0],300800301,0,5,0,12,0,[0|0]
500000910,Black Blade Melee Hit #1,0,910,1,0,[0|0],300800310,0,20,0,12,0,[0|0]
500000911,Black Blade Melee Hit #2,0,911,1,0,[0|0],300800311,0,5,0,12,0,[0|0]
