{"FmgID":33,"Fmg":{"Entries":[
{"ID":10011952,"Text":"Last site of grace visited"},
{"ID":13040000,"Text":"The amount of HP/FP your flasks replenish cannot be increased any further"},
{"ID":13040020,"Text":"Increased the amount of HP/FP replenished by your flasks"},
{"ID":13040100,"Text":"No Flask of Crimson Tears in inventory"},
{"ID":13040101,"Text":null},
{"ID":13040102,"Text":null},
{"ID":13040103,"Text":null},
{"ID":13040104,"Text":null},
{"ID":13040105,"Text":null},
{"ID":13040106,"Text":null},
{"ID":13040107,"Text":null},
{"ID":13040108,"Text":null},
{"ID":13040109,"Text":null},
{"ID":13040110,"Text":"No Flask of Cerulean Tears in inventory"},
{"ID":13040111,"Text":null},
{"ID":13040112,"Text":null},
{"ID":13040113,"Text":null},
{"ID":13040114,"Text":null},
{"ID":13040115,"Text":null},
{"ID":13040116,"Text":null},
{"ID":13040117,"Text":null},
{"ID":13040118,"Text":null},
{"ID":13040119,"Text":null},
{"ID":13040120,"Text":"Flask charges already at maximum"},
{"ID":13040121,"Text":null},
{"ID":13040122,"Text":null},
{"ID":13040123,"Text":null},
{"ID":13040124,"Text":null},
{"ID":13040125,"Text":null},
{"ID":13040126,"Text":null},
{"ID":13040127,"Text":null},
{"ID":13040128,"Text":null},
{"ID":13040129,"Text":null},
{"ID":13040130,"Text":"No Golden Seed in inventory"},
{"ID":13040131,"Text":null},
{"ID":13040132,"Text":null},
{"ID":13040133,"Text":null},
{"ID":13040134,"Text":null},
{"ID":13040135,"Text":null},
{"ID":13040136,"Text":null},
{"ID":13040137,"Text":null},
{"ID":13040138,"Text":null},
{"ID":13040139,"Text":null},
{"ID":13040140,"Text":"Added a charge to Flask of Crimson Tears"},
{"ID":13040141,"Text":null},
{"ID":13040142,"Text":null},
{"ID":13040143,"Text":null},
{"ID":13040144,"Text":null},
{"ID":13040145,"Text":null},
{"ID":13040146,"Text":null},
{"ID":13040147,"Text":null},
{"ID":13040148,"Text":null},
{"ID":13040149,"Text":null},
{"ID":13040150,"Text":"No Flask of Crimson Tears in inventory"},
{"ID":13040151,"Text":null},
{"ID":13040152,"Text":null},
{"ID":13040153,"Text":null},
{"ID":13040154,"Text":null},
{"ID":13040155,"Text":null},
{"ID":13040156,"Text":null},
{"ID":13040157,"Text":null},
{"ID":13040158,"Text":null},
{"ID":13040159,"Text":null},
{"ID":13040160,"Text":"No Flask of Cerulean Tears in inventory"},
{"ID":15000370,"Text":"Add charge to flask"},
{"ID":15000371,"Text":"Flasks"},
{"ID":15000372,"Text":"Cancel"},
{"ID":15000373,"Text":null},
{"ID":15000374,"Text":null},
{"ID":15000375,"Text":null},
{"ID":15000376,"Text":null},
{"ID":15000377,"Text":null},
{"ID":15000378,"Text":null},
{"ID":15000379,"Text":null},
{"ID":15000380,"Text":"Increase amount replenished by flasks"},
{"ID":15000381,"Text":null},
{"ID":15000382,"Text":null},
{"ID":15000383,"Text":null},
{"ID":15000384,"Text":null},
{"ID":15000385,"Text":"Allocate flask charges"},
{"ID":15000386,"Text":null},
{"ID":15000387,"Text":null},
{"ID":15000388,"Text":null},
{"ID":15000389,"Text":null},
{"ID":15000390,"Text":"Memorize spell"},
{"ID":15000391,"Text":null},
{"ID":15000392,"Text":null},
{"ID":15000393,"Text":null},
{"ID":15000394,"Text":null},
{"ID":15000395,"Text":"Sort chest"},
{"ID":15000420,"Text":"Pass time"},
{"ID":15000421,"Text":null},
{"ID":15000422,"Text":null},
{"ID":15000423,"Text":null},
{"ID":15000424,"Text":null},
{"ID":15000425,"Text":null},
{"ID":15000426,"Text":null},
{"ID":15000427,"Text":null},
{"ID":15000428,"Text":null},
{"ID":15000429,"Text":null},
{"ID":15000430,"Text":"Until morning"},
{"ID":15000431,"Text":null},
{"ID":15000432,"Text":null},
{"ID":15000433,"Text":null},
{"ID":15000434,"Text":null},
{"ID":15000435,"Text":null},
{"ID":15000436,"Text":null},
{"ID":15000437,"Text":null},
{"ID":15000438,"Text":null},
{"ID":15000439,"Text":null},
{"ID":15000440,"Text":"Until noon"},
{"ID":15000441,"Text":null},
{"ID":15000442,"Text":null},
{"ID":15000443,"Text":null},
{"ID":15000444,"Text":null},
{"ID":15000445,"Text":null},
{"ID":15000446,"Text":null},
{"ID":15000447,"Text":null},
{"ID":15000448,"Text":null},
{"ID":15000449,"Text":null},
{"ID":15000450,"Text":"Until nightfall"},
{"ID":15000451,"Text":null},
{"ID":15000452,"Text":null},
{"ID":15000453,"Text":null},
{"ID":15000454,"Text":null},
{"ID":15000455,"Text":null},
{"ID":15000456,"Text":null},
{"ID":15000457,"Text":null},
{"ID":15000458,"Text":null},
{"ID":15000459,"Text":null},
{"ID":15000460,"Text":"Cancel"},
{"ID":15000510,"Text":"Mix Wondrous Physick"},
{"ID":15000511,"Text":null},
{"ID":15000512,"Text":null},
{"ID":15000513,"Text":null},
{"ID":15000514,"Text":null},
{"ID":15000515,"Text":null},
{"ID":15000516,"Text":null},
{"ID":15000517,"Text":null},
{"ID":15000518,"Text":null},
{"ID":15000519,"Text":null},
{"ID":15000520,"Text":"Great Runes"},
{"ID":15000521,"Text":null},
{"ID":15000522,"Text":null},
{"ID":15000523,"Text":null},
{"ID":15000524,"Text":null},
{"ID":15000525,"Text":null},
{"ID":15000526,"Text":null},
{"ID":15000527,"Text":null},
{"ID":15000528,"Text":null},
{"ID":15000529,"Text":null},
{"ID":15000530,"Text":"Ashes of War"},
{"ID":15000531,"Text":null},
{"ID":15000532,"Text":null},
{"ID":15000533,"Text":null},
{"ID":15000534,"Text":null},
{"ID":15000535,"Text":null},
{"ID":15000536,"Text":null},
{"ID":15000537,"Text":null},
{"ID":15000538,"Text":null},
{"ID":15000539,"Text":null},
{"ID":15000540,"Text":"Level Up"},
{"ID":15000700,"Text":"Purchase"},
{"ID":15000701,"Text":null},
{"ID":15000702,"Text":null},
{"ID":15000703,"Text":null},
{"ID":15000704,"Text":null},
{"ID":15000705,"Text":null},
{"ID":15000706,"Text":null},
{"ID":15000707,"Text":null},
{"ID":15000708,"Text":null},
{"ID":15000709,"Text":null},
{"ID":15000710,"Text":"Sell"},
{"ID":15000711,"Text":null},
{"ID":15000712,"Text":null},
{"ID":15000713,"Text":null},
{"ID":15000714,"Text":null},
{"ID":15000715,"Text":null},
{"ID":15000716,"Text":null},
{"ID":15000717,"Text":null},
{"ID":15000718,"Text":null},
{"ID":15000719,"Text":null},
{"ID":15000720,"Text":"Leave"},
{"ID":20000000,"Text":"Talk"},
{"ID":20000001,"Text":null},
{"ID":20000002,"Text":null},
{"ID":20000003,"Text":null},
{"ID":20000004,"Text":null},
{"ID":20000005,"Text":null},
{"ID":20000006,"Text":null},
{"ID":20000007,"Text":null},
{"ID":20000008,"Text":null},
{"ID":20000009,"Text":"Leave"},
{"ID":20000010,"Text":"Purchase"},
{"ID":20000011,"Text":"Sell"},
{"ID":20010080,"Text":"Begin Journey <?nextLoopCount?>"},
{"ID":20010101,"Text":"Listen to the sounds of flame"},
{"ID":20011000,"Text":"No Sacred Tear in inventory"},
{"ID":20011001,"Text":"Use a Sacred Tear to increase the amount of HP/FP replenished by your flasks?"},
{"ID":20011002,"Text":null},
{"ID":20011003,"Text":null},
{"ID":20011004,"Text":null},
{"ID":20011005,"Text":null},
{"ID":20011006,"Text":null},
{"ID":20011007,"Text":null},
{"ID":20011008,"Text":null},
{"ID":20011009,"Text":null},
{"ID":20011010,"Text":"Not enough Golden Seeds"},
{"ID":20011011,"Text":"Use one Golden Seed to increase your number of flask uses?"},
{"ID":20011012,"Text":"Use two Golden Seeds to increase your number of flask uses?"},
{"ID":20011013,"Text":"Use three Golden Seeds to increase your number of flask uses?"},
{"ID":20011014,"Text":"Use four Golden Seeds to increase your number of flask uses?"},
{"ID":20011015,"Text":"Use five Golden Seeds to increase your number of flask uses?"},
{"ID":20011016,"Text":null},
{"ID":20011017,"Text":null},
{"ID":20011018,"Text":null},
{"ID":20011019,"Text":null},
{"ID":20011020,"Text":"Cannot rest at sites of grace right now"},
{"ID":20011080,"Text":"Begin Journey <?nextLoopCount?>?"},
{"ID":20011081,"Text":"If you begin Journey <?nextLoopCount?>, you will not be able\nto return to the present world of Journey <?loopCount?>.\nBegin Journey <?nextLoopCount?>?"},
{"ID":21000000,"Text":null},
{"ID":21000001,"Text":"Talk to Melina"},
{"ID":21000002,"Text":"Talk to Melina"},
{"ID":21000003,"Text":"Talk to Melina"},
{"ID":21000004,"Text":"Talk to Melina"},
{"ID":21000005,"Text":"Talk to Melina"},
{"ID":21000006,"Text":"Talk to Melina"},
{"ID":21000007,"Text":"Talk to Melina"},
{"ID":21000008,"Text":"Talk to Melina"},
{"ID":21000009,"Text":"Talk to Melina"},
{"ID":21000010,"Text":"Talk to Melina"},
{"ID":21000011,"Text":"Talk to Melina"},
{"ID":21000012,"Text":"Talk to Melina"},
{"ID":21000013,"Text":"Talk to Melina"},
{"ID":21000014,"Text":"Talk to Melina"},
{"ID":21000015,"Text":"Talk to Melina"},
{"ID":21000016,"Text":"Talk to Melina"},
{"ID":21000017,"Text":"Talk to Melina"},
{"ID":21000018,"Text":"Talk to Melina"},
{"ID":21000019,"Text":null},
{"ID":21000020,"Text":"Talk to Melina"},
{"ID":21000021,"Text":"Talk to Melina"},
{"ID":21000022,"Text":"Talk to Melina"},
{"ID":21000023,"Text":"Talk to Melina"},
{"ID":21000024,"Text":"Talk to Melina"},
{"ID":21000025,"Text":"Talk to Melina"},
{"ID":21000026,"Text":"Talk to Melina"},
{"ID":21000027,"Text":"Talk to Melina"},
{"ID":21000028,"Text":"Talk to Melina"},
{"ID":21000029,"Text":"Talk to Melina"},
{"ID":21000030,"Text":"Talk to Melina"},
{"ID":21000031,"Text":"Talk to Melina"},
{"ID":21000050,"Text":"Tell her you're off to Roundtable Hold"},
{"ID":21001000,"Text":"Accept"},
{"ID":21001001,"Text":"Refuse"},
{"ID":21001002,"Text":"I'm interested"},
{"ID":21001003,"Text":"I'm not interested"},
{"ID":21001004,"Text":"Go to the Roundtable Hold"},
{"ID":21001005,"Text":"I'm ready"},
{"ID":21001006,"Text":"I'd like you to wait"},
{"ID":21011000,"Text":"Show your right hand"},
{"ID":21011001,"Text":"Show your left hand"},
{"ID":21011002,"Text":"Show hands"},
{"ID":21011003,"Text":"Show hands"},
{"ID":21020000,"Text":"Receive power from remembrance"},
{"ID":21020001,"Text":"About Great Runes"},
{"ID":21020002,"Text":"About Queen Marika"},
{"ID":21020003,"Text":"How to burn thorns"},
{"ID":21020004,"Text":"I want to burn the impenetrable thorns"},
{"ID":21020005,"Text":"Receive equipment of champions"},
{"ID":21060900,"Text":"Talk to miniature Ranni"},
{"ID":21060901,"Text":"Talk to miniature Ranni"},
{"ID":21060902,"Text":"Talk to miniature Ranni"},
{"ID":21060903,"Text":"Talk to Ranni"},
{"ID":21060904,"Text":null},
{"ID":21060905,"Text":null},
{"ID":21060906,"Text":null},
{"ID":21060907,"Text":null},
{"ID":21060908,"Text":null},
{"ID":21060909,"Text":null},
{"ID":21060910,"Text":"Talk to Ranni"},
{"ID":21060911,"Text":"Talk to Ranni"},
{"ID":21060912,"Text":"Talk to Ranni"},
{"ID":21060913,"Text":null},
{"ID":21060914,"Text":null},
{"ID":21060915,"Text":null},
{"ID":21060916,"Text":null},
{"ID":21060917,"Text":null},
{"ID":21060918,"Text":null},
{"ID":21060919,"Text":null},
{"ID":21060920,"Text":"Talk to Ranni"},
{"ID":21060921,"Text":"Talk to Ranni"},
{"ID":21060922,"Text":null},
{"ID":21060923,"Text":null},
{"ID":21060924,"Text":null},
{"ID":21060925,"Text":null},
{"ID":21060926,"Text":null},
{"ID":21060927,"Text":null},
{"ID":21060928,"Text":null},
{"ID":21060929,"Text":null},
{"ID":21060930,"Text":"Talk to miniature Ranni"},
{"ID":21060931,"Text":"Talk to Ranni"},
{"ID":21061000,"Text":"I can call the spectral steed"},
{"ID":21061001,"Text":"I cannot call the spectral steed"},
{"ID":21061002,"Text":"I can call the spectral steed"},
{"ID":21061003,"Text":"I cannot call the spectral steed"},
{"ID":21061004,"Text":"You must be Ranni the Witch, behind the Night of the Black Knives"},
{"ID":21061005,"Text":"I wish to serve you"},
{"ID":21061006,"Text":"No particular reason"},
{"ID":21061007,"Text":"Serve Ranni the Witch"},
{"ID":21061008,"Text":"Do not serve"},
{"ID":21061009,"Text":"Administer Amber Draught?"},
{"ID":21121000,"Text":"Tell him that Radagon is Marika"},
{"ID":22000000,"Text":"Rebirth"},
{"ID":22000001,"Text":"Cosmetics"},
{"ID":22000002,"Text":"Leave"},
{"ID":22000003,"Text":null},
{"ID":22001000,"Text":"Use a Larval Tear to accept rebirth?"},
{"ID":22001001,"Text":"Since you weren't reborn with new attributes,\nthe Larval Tear was not spent"},
{"ID":22001002,"Text":"A Larval Tear is required for rebirth"},
{"ID":22021003,"Text":"Choose how many to hand over"},
{"ID":22130001,"Text":"Strengthen armament"},
{"ID":22130002,"Text":"Repair Weapon"},
{"ID":22130003,"Text":"Ashes of War"},
{"ID":22130004,"Text":"About prayer"},
{"ID":22130005,"Text":"About Roderika"},
{"ID":22130006,"Text":"About Roderika"},
{"ID":22130007,"Text":"About Roderika"},
{"ID":22130008,"Text":"About Roderika"},
{"ID":22130009,"Text":"Let's talk a while"},
{"ID":22130010,"Text":"About the chains on your legs"},
{"ID":22130011,"Text":"You're a prisoner?"},
{"ID":22130012,"Text":"About the god-slaying weapon"},
{"ID":22130013,"Text":"About the god-slaying weapon"},
{"ID":22130014,"Text":"Why are you still making weapons?"},
{"ID":22130015,"Text":"What happened to her?"},
{"ID":22130016,"Text":"About yourself"},
{"ID":22130017,"Text":"What's that little knife for?"},
{"ID":22130018,"Text":"Ash of War duplication"},
{"ID":22131000,"Text":"Would you watch over Roderika?"},
{"ID":22131001,"Text":"Nothing"},
{"ID":22131002,"Text":"It's what she wants"},
{"ID":22131003,"Text":"Understood"},
{"ID":22161000,"Text":"I still don't understand"},
{"ID":22161001,"Text":"Tell Sellen's story"},
{"ID":22161002,"Text":"Don't say anything"},
{"ID":22161003,"Text":"Tell Iji's story"},
{"ID":22161004,"Text":"Open the evergaol"},
{"ID":22161005,"Text":"Don't open it"},
{"ID":22201000,"Text":"Help him out"},
{"ID":22201001,"Text":"Don't help"},
{"ID":22230000,"Text":"Alter garments"},
{"ID":22230001,"Text":"Don't tell me..."},
{"ID":22230002,"Text":"I'm sorry..."},
{"ID":22230003,"Text":"Give the Gold Sewing Needle"},
{"ID":22230004,"Text":"Surely she'd be happy for you?"},
{"ID":22230005,"Text":"Have you ever thought so?"},
{"ID":22230006,"Text":"Give a Larval Tear"},
{"ID":22230007,"Text":"Please wait"},
{"ID":22230008,"Text":"What do you really think?"},
{"ID":22230009,"Text":"I heard a voice"},
{"ID":22230010,"Text":"The voice was mine"},
{"ID":22230011,"Text":"I have a favor to ask"},
{"ID":22230012,"Text":"You may call me lord"},
{"ID":22230013,"Text":"Did you see it?"},
{"ID":22231000,"Text":"Give the Sewing Needle"},
{"ID":22231001,"Text":"Don't give it"},
{"ID":22231002,"Text":"You may call me lord"},
{"ID":22231003,"Text":"Don't call me that"},
{"ID":22231004,"Text":"That's right"},
{"ID":22231005,"Text":"Not at all"},
{"ID":22240000,"Text":"Strengthen armaments"},
{"ID":22240001,"Text":"Talk"},
{"ID":22240002,"Text":"Please take care"},
{"ID":22240003,"Text":"About Nokron"},
{"ID":22240004,"Text":null},
{"ID":22240005,"Text":"About Blaidd"},
{"ID":22240006,"Text":"About Jerren"},
{"ID":22240007,"Text":"Please go to the festival grounds"},
{"ID":22240008,"Text":"Talk"},
{"ID":22240009,"Text":"About Blaidd"},
{"ID":22240010,"Text":"About Jerren"},
{"ID":22240011,"Text":"Why is Blaidd in the Evergaol?"},
{"ID":22240012,"Text":"Blaidd's death"},
{"ID":22240013,"Text":"About advice"},
{"ID":22240014,"Text":"Blaidd sent me"},
{"ID":22240015,"Text":"Talk"},
{"ID":22240016,"Text":"About Jerren"},
{"ID":22240017,"Text":"Talk"},
{"ID":22240018,"Text":"Talk"},
{"ID":22240019,"Text":null},
{"ID":22240020,"Text":"Purchase"},
{"ID":22241010,"Text":"Cannot do this during multiplayer"},
{"ID":22261000,"Text":"I'll be your Potentate"},
{"ID":22261001,"Text":"I'm no Potentate"},
{"ID":22261002,"Text":"Give Alexander's Insides"},
{"ID":22261003,"Text":"Don't give it"},
{"ID":22281000,"Text":"Show the secret medallion"},
{"ID":22281001,"Text":"Don't show it"},
{"ID":22281002,"Text":"Hear her request"},
{"ID":22281003,"Text":"Refuse"},
{"ID":22281004,"Text":"Hear her request after all"},
{"ID":22281005,"Text":"Leave"},
{"ID":23001000,"Text":"Join Volcano Manor"},
{"ID":23001001,"Text":"Don't join"},
{"ID":23001002,"Text":null},
{"ID":23001003,"Text":null},
{"ID":23001004,"Text":"See the Lord"},
{"ID":23001005,"Text":"Don't see the Lord"},
{"ID":23001006,"Text":"Leave"},
{"ID":23001007,"Text":"Zorayas's form"},
{"ID":23001008,"Text":"Zorayas's troubles"},
{"ID":23001009,"Text":"Zorayas's absence"},
{"ID":23001010,"Text":"I gave her the potion"},
{"ID":23001011,"Text":"Zorayas is dead"},
{"ID":23001012,"Text":"Give the Dancer's Castanets"},
{"ID":23001013,"Text":"Don't give them"},
{"ID":23011000,"Text":"I'll fly straight and true!"},
{"ID":23011001,"Text":"I don't need a seat"},
{"ID":23011002,"Text":"They didn't seem right"},
{"ID":23011003,"Text":"They were magnificent"},
{"ID":23011004,"Text":"Anoint me"},
{"ID":23011005,"Text":"I refuse"},
{"ID":23011006,"Text":"Two Fingers seemed off"},
{"ID":23011007,"Text":"They were magnificent"},
{"ID":23021000,"Text":"No, I'll use the main gate"},
{"ID":23021001,"Text":"Very well"},
{"ID":23021002,"Text":"I want to use the main gate"},
{"ID":23021003,"Text":"Leave"},
{"ID":23021004,"Text":null},
{"ID":23021005,"Text":null},
{"ID":23021006,"Text":null},
{"ID":23021007,"Text":null},
{"ID":23021008,"Text":null},
{"ID":23021009,"Text":null},
{"ID":23021010,"Text":"Locked by some contraption"},
{"ID":23070006,"Text":"Study sorcery"},
{"ID":23070007,"Text":"Obtain a puppet"},
{"ID":23070008,"Text":"About your chambers"},
{"ID":23070009,"Text":"About Nokron"},
{"ID":23070010,"Text":"I want a new puppet"},
{"ID":23070011,"Text":"About the scheme"},
{"ID":23070012,"Text":"Give Amber Starlight"},
{"ID":23070013,"Text":"About the draught"},
{"ID":23070014,"Text":"About the draught"},
{"ID":23070015,"Text":"About your scheme"},
{"ID":23070016,"Text":"About Nepheli"},
{"ID":23070017,"Text":"Talk"},
{"ID":23070018,"Text":"About Amber Starlight"},
{"ID":23070019,"Text":"Hand over the scroll"},
{"ID":23070020,"Text":"Purchase"},
{"ID":23071001,"Text":"Accept the task"},
{"ID":23071002,"Text":"Don't accept"},
{"ID":23071003,"Text":null},
{"ID":23071004,"Text":null},
{"ID":23071005,"Text":null},
{"ID":23071006,"Text":null},
{"ID":23071007,"Text":null},
{"ID":23071008,"Text":null},
{"ID":23071009,"Text":"I'm interested"},
{"ID":23071010,"Text":"I'm not interested"},
{"ID":23071011,"Text":null},
{"ID":23071012,"Text":null},
{"ID":23071013,"Text":null},
{"ID":23071014,"Text":"Ask about Nokron"},
{"ID":23071015,"Text":"Leave"},
{"ID":23090000,"Text":"About the bandits"},
{"ID":23090001,"Text":"That chest..."},
{"ID":23090002,"Text":"Talk"},
{"ID":23090003,"Text":"What you spoke of before"},
{"ID":23090004,"Text":"Speaking of..."},
{"ID":23090005,"Text":null},
{"ID":23090006,"Text":"Talk"},
{"ID":23090007,"Text":"What you spoke of before"},
{"ID":23090008,"Text":"About the previous request"},
{"ID":23090009,"Text":"About the previous request"},
{"ID":23090010,"Text":"The request is done"},
{"ID":23090011,"Text":"About Patches"},
{"ID":23090012,"Text":"What is the reward?"},
{"ID":23091000,"Text":"Forgive and forget"},
{"ID":23091001,"Text":"Some things can't be forgiven"},
{"ID":23101000,"Text":"Deliver the letter"},
{"ID":23101001,"Text":"Refuse"},
{"ID":23101002,"Text":"They're human eyes"},
{"ID":23101003,"Text":"Don't say anything"},
{"ID":23101004,"Text":"Give a Shabriri Grape"},
{"ID":23101005,"Text":"Don't give a grape"},
{"ID":23101006,"Text":"Give a Fingerprint Grape"},
{"ID":23101007,"Text":null},
{"ID":23101008,"Text":null},
{"ID":23101009,"Text":"She's dead"},
{"ID":23111000,"Text":"Deliver Irina's Letter"},
{"ID":23111001,"Text":"Don't give the letter"},
{"ID":23121000,"Text":"I love a good festival"},
{"ID":23121001,"Text":"I'm not the festive type"},
{"ID":23121002,"Text":null},
{"ID":23121003,"Text":"About Iji"},
{"ID":23121004,"Text":"Ready as I'll ever be"},
{"ID":23121005,"Text":"Not yet"},
{"ID":23131000,"Text":"Hear the request"},
{"ID":23131001,"Text":"Refuse"},
{"ID":23131002,"Text":"Take Rya's hand"},
{"ID":23131003,"Text":"Refuse Rya's hand"},
{"ID":23131004,"Text":"Tell her of the dark side of Volcano Manor"},
{"ID":23131005,"Text":"Don't tell her"},
{"ID":23131006,"Text":"Give Serpent's Amnion"},
{"ID":23131007,"Text":"Don't give it"},
{"ID":23131008,"Text":null},
{"ID":23131009,"Text":"Give Tonic of Forgetfulness"},
{"ID":23131010,"Text":"Give Rya's Necklace"},
{"ID":23131011,"Text":"Don't give it"},
{"ID":23131012,"Text":"Don't give it"},
{"ID":23141000,"Text":"You defended them"},
{"ID":23141001,"Text":"I'm afraid not"},
{"ID":23160003,"Text":"Study sorcery"},
{"ID":23160004,"Text":null},
{"ID":23160005,"Text":null},
{"ID":23160006,"Text":"I need to speak with you later"},
{"ID":23160007,"Text":"About the request"},
{"ID":23160008,"Text":"About the request"},
{"ID":23160009,"Text":"Show letter of introduction"},
{"ID":23160010,"Text":"Show Azur's sorcery"},
{"ID":23160011,"Text":"Tell me your story"},
{"ID":23160012,"Text":"I'll help restore the primeval current"},
{"ID":23160013,"Text":"I have a favor to ask"},
{"ID":23160014,"Text":"Lusat's location"},
{"ID":23160015,"Text":"About glintstone sorcery"},
{"ID":23160016,"Text":"Talk"},
{"ID":23160017,"Text":"Talk"},
{"ID":23160018,"Text":"About Lusat"},
{"ID":23160019,"Text":"Lusat's location"},
{"ID":23160020,"Text":"Give a scroll"},
{"ID":23160021,"Text":"Give the Conspectus Scroll"},
{"ID":23160022,"Text":"Give the Royal House Scroll"},
{"ID":23160023,"Text":"Give Ranni's Scroll"},
{"ID":23160024,"Text":"Give Sellian Scroll"},
{"ID":23160025,"Text":"Give Gelmirian Scroll"},
{"ID":23160026,"Text":"Don't give a scroll"},
{"ID":23160027,"Text":"Lead on Lusat"},
{"ID":23160028,"Text":"Give the Academy Scroll"},
{"ID":23161000,"Text":"I want to learn sorcery"},
{"ID":23161001,"Text":"Never mind"},
{"ID":23161002,"Text":"I still want to learn"},
{"ID":23161003,"Text":"Let me reconsider"},
{"ID":23161004,"Text":null},
{"ID":23161005,"Text":null},
{"ID":23161006,"Text":"Let us journey together"},
{"ID":23161007,"Text":"Let me think about it"},
{"ID":23161008,"Text":"Show letter of introduction"},
{"ID":23161009,"Text":"Don't show it"},
{"ID":23161010,"Text":"I still want to learn sorcery"},
{"ID":23161011,"Text":"I need a bit more time to think"},
{"ID":23161012,"Text":"You can now learn new sorcery"},
{"ID":23190000,"Text":"Study incantations"},
{"ID":23190001,"Text":"About D"},
{"ID":23190002,"Text":"About Rogier"},
{"ID":23190003,"Text":"Give the Weathered Dagger"},
{"ID":23191002,"Text":"Accept introduction"},
{"ID":23191003,"Text":"Refuse"},
{"ID":23191004,"Text":"Show Deathroot"},
{"ID":23191005,"Text":"Don't show it"},
{"ID":23191006,"Text":"Give the Weathered Dagger"},
{"ID":23191007,"Text":"Don't give it"},
{"ID":23191008,"Text":"Give the Twinned Armor set"},
{"ID":23191009,"Text":"Don't give it"},
{"ID":23191010,"Text":"Hand over the Twinned Armor set?"},
{"ID":23191011,"Text":"A red mark was made on the map"},
{"ID":23200000,"Text":"Spirit Tuning"},
{"ID":23200001,"Text":"Talk"},
{"ID":23200002,"Text":"About Hewg"},
{"ID":23200003,"Text":"What's happened to Hewg"},
{"ID":23200004,"Text":"There's something you should know"},
{"ID":23200005,"Text":"There's something you should know"},
{"ID":23200006,"Text":"About the spirits' voices"},
{"ID":23200007,"Text":"Please take care"},
{"ID":23200008,"Text":"About the spirits' voices"},
{"ID":23200009,"Text":"Please"},
{"ID":23200010,"Text":"Talk"},
{"ID":23200011,"Text":"Talk"},
{"ID":23201002,"Text":"Give Chrysalids' Memento"},
{"ID":23201003,"Text":"Tell her what the blacksmith said"},
{"ID":23201004,"Text":"Don't tell her"},
{"ID":23211000,"Text":"Pledge service"},
{"ID":23211001,"Text":"Do not pledge service"},
{"ID":23220000,"Text":"Talk in secret"},
{"ID":23220001,"Text":"May I ask a favor?"},
{"ID":23220002,"Text":"About the dagger"},
{"ID":23220003,"Text":"Do you know...?"},
{"ID":23220004,"Text":"About the Black Knifeprint"},
{"ID":23220005,"Text":"About the Black Knifeprint"},
{"ID":23220006,"Text":"About Rogier"},
{"ID":23220007,"Text":"Talk in secret"},
{"ID":23220008,"Text":"Talk in secret"},
{"ID":23220009,"Text":"Talk in secret"},
{"ID":23220010,"Text":"Talk in secret"},
{"ID":23220011,"Text":"Talk in secret"},
{"ID":23220012,"Text":"Give Cursemark of Death"},
{"ID":23220013,"Text":null},
{"ID":23220014,"Text":"Talk in secret"},
{"ID":23221000,"Text":"Let her hold you"},
{"ID":23221001,"Text":"Refuse"},
{"ID":23221002,"Text":"That's right"},
{"ID":23221003,"Text":"No, I want to be held"},
{"ID":23221004,"Text":"Enter the Deathbed Dream"},
{"ID":23221005,"Text":"Don't enter"},
{"ID":23221006,"Text":"Enter the Deathbed Dream?"},
{"ID":23221007,"Text":"You found a simple map.\nCheck in inventory."},
{"ID":23231000,"Text":"Leave your gaol!"},
{"ID":23231001,"Text":"Say nothing"},
{"ID":23231002,"Text":"Administer Seluvis's Potion"},
{"ID":23231003,"Text":"Use the Seedbed Curse"},
{"ID":23231004,"Text":"Leave"},
{"ID":23240000,"Text":null},
{"ID":23240001,"Text":null},
{"ID":23240002,"Text":null},
{"ID":23240003,"Text":null},
{"ID":23240004,"Text":null},
{"ID":23240005,"Text":null},
{"ID":23240006,"Text":null},
{"ID":23240007,"Text":"About Nepheli"},
{"ID":23240008,"Text":"Nepheli's despair"},
{"ID":23240009,"Text":"About Ensha"},
{"ID":23240010,"Text":"About Ensha"},
{"ID":23240011,"Text":null},
{"ID":23240012,"Text":"About Godrick"},
{"ID":23240013,"Text":"About Radahn"},
{"ID":23240014,"Text":"About Rykard"},
{"ID":23240015,"Text":"About Morgott"},
{"ID":23240016,"Text":"About Rennala"},
{"ID":23240017,"Text":"Unlocated demigods"},
{"ID":23240018,"Text":"About Radahn"},
{"ID":23240019,"Text":"About Rykard"},
{"ID":23240020,"Text":"About Rennala"},
{"ID":23240021,"Text":"About the secret medallions"},
{"ID":23240022,"Text":"The secret medallions are reunited"},
{"ID":23240023,"Text":"Talk"},
{"ID":23240024,"Text":"Where should I go?"},
{"ID":23240025,"Text":"Talk"},
{"ID":23240026,"Text":"Talk"},
{"ID":23240027,"Text":"Using the secret medallions"},
{"ID":23240028,"Text":"About the Haligtree roots"},
{"ID":23240029,"Text":"Mohgwyn Palace"},
{"ID":23240030,"Text":"About the Lord of Blood's cocoon"},
{"ID":23240031,"Text":"Show him Seluvis's Potion"},
{"ID":23240032,"Text":"Give Gideon Seluvis's Potion"},
{"ID":23240033,"Text":"About Ensha"},
{"ID":23240034,"Text":"About the secret medallions"},
{"ID":23240035,"Text":"About the Lord of Blood's cocoon"},
{"ID":23241000,"Text":"What do you mean, a house guest?"},
{"ID":23241001,"Text":"Say nothing"},
{"ID":23241002,"Text":"Hand over Seluvis's Potion"},
{"ID":23241003,"Text":"Don't hand it over"},
{"ID":23241004,"Text":"A red mark was made on the map"},
{"ID":23250000,"Text":"Learn skills"},
{"ID":23250001,"Text":"Talk"},
{"ID":23250002,"Text":"I've defeated Godrick"},
{"ID":23250003,"Text":"About the corpse under Stormveil"},
{"ID":23250004,"Text":"Give the Black Knifeprint"},
{"ID":23250005,"Text":"Ranni cast off her cursemark"},
{"ID":23250006,"Text":null},
{"ID":23250007,"Text":"About D"},
{"ID":23250008,"Text":"Why do you want a cursemark?"},
{"ID":23250009,"Text":"About D"},
{"ID":23250010,"Text":"Rogier's proposition"},
{"ID":23250011,"Text":"About D"},
{"ID":23250012,"Text":"About the corpse under Stormveil"},
{"ID":23250013,"Text":"Ranni's whereabouts"},
{"ID":23250014,"Text":"Ranni's whereabouts"},
{"ID":23250015,"Text":"Talk"},
{"ID":23251000,"Text":"I'm here to defeat Godrick"},
{"ID":23251001,"Text":"I can't tell you"},
{"ID":23251002,"Text":null},
{"ID":23251003,"Text":null},
{"ID":23251004,"Text":"Handed over the Black Knifeprint"},
{"ID":23260000,"Text":"Learn skills"},
{"ID":23260001,"Text":"Talk"},
{"ID":23260002,"Text":"Talk"},
{"ID":23261000,"Text":"My faith holds firm"},
{"ID":23261001,"Text":"I'm not sure"},
{"ID":23261002,"Text":"I understand"},
{"ID":23261003,"Text":"I don't understand"},
{"ID":23300000,"Text":"Study sorcery"},
{"ID":23300001,"Text":"Atone"},
{"ID":23300002,"Text":"Show Celestial Dew"},
{"ID":23300003,"Text":"Talk"},
{"ID":23300004,"Text":null},
{"ID":23300005,"Text":"About the miracle"},
{"ID":23300006,"Text":"About absolution"},
{"ID":23300007,"Text":"About Radagon"},
{"ID":23300008,"Text":"About Radagon"},
{"ID":23300009,"Text":"About Rennala"},
{"ID":23300010,"Text":"About Rennala"},
{"ID":23300011,"Text":"Give a scroll"},
{"ID":23300012,"Text":"Give a prayerbook"},
{"ID":23300013,"Text":"Study incantations"},
{"ID":23301000,"Text":"I don't know"},
{"ID":23301001,"Text":"You don't need absolution"},
{"ID":23301002,"Text":"No Celestial Dew in inventory"},
{"ID":23301003,"Text":"Use Celestial Dew to receive absolution?"},
{"ID":23301004,"Text":"Your sins are absolved"},
{"ID":23310000,"Text":"About Rya"},
{"ID":23310001,"Text":"Talk"},
{"ID":23310002,"Text":"You should probably know... "},
{"ID":23310003,"Text":"About the Dung Eater"},
{"ID":23310004,"Text":"About the Dung Eater"},
{"ID":23311000,"Text":"Give me the necklace"},
{"ID":23311001,"Text":"Leave"},
{"ID":23311002,"Text":"Deal"},
{"ID":23311003,"Text":"Refuse"},
{"ID":23330000,"Text":"Study sorcery"},
{"ID":23330001,"Text":"Talk"},
{"ID":23330002,"Text":"About the glintstone key"},
{"ID":23330003,"Text":null},
{"ID":23330004,"Text":"Talk"},
{"ID":23330005,"Text":"Give the Academy Glintstone Key"},
{"ID":23330006,"Text":"About Sellen"},
{"ID":23330007,"Text":null},
{"ID":23330008,"Text":"About the glintstone key"},
{"ID":23330009,"Text":"Give a scroll"},
{"ID":23330010,"Text":"Don't give the scroll"},
{"ID":23331000,"Text":"Donate <?evntAcquittalPrice?> runes"},
{"ID":23331001,"Text":"Don't donate runes"},
{"ID":23331002,"Text":null},
{"ID":23331003,"Text":"Not enough runes to donate"},
{"ID":23341000,"Text":"Give Seluvis's Potion"},
{"ID":23341001,"Text":"Give the Stormhawk King"},
{"ID":23341002,"Text":"I heard from Gideon"},
{"ID":23341003,"Text":"Leave"},
{"ID":23351001,"Text":null},
{"ID":23481000,"Text":"Give an Unalloyed Gold Needle"},
{"ID":23481001,"Text":"Don't give it"},
{"ID":23481002,"Text":"Give the Valkyrie's Prosthesis"},
{"ID":23490000,"Text":"Study sorcery"},
{"ID":23490001,"Text":"Millicent paid a visit"},
{"ID":23490002,"Text":"I gave Millicent the prosthesis"},
{"ID":23490003,"Text":"About Millicent"},
{"ID":23490004,"Text":"About Malenia"},
{"ID":23490005,"Text":"What Millicent said"},
{"ID":23490006,"Text":"Why are you crying?"},
{"ID":23490007,"Text":null},
{"ID":23490008,"Text":null},
{"ID":23490009,"Text":"Become a flower?"},
{"ID":23490010,"Text":"Become a flower?"},
{"ID":23490011,"Text":"Study incantations"},
{"ID":23491000,"Text":"Hear the request"},
{"ID":23491001,"Text":"Refuse"},
{"ID":23510000,"Text":"Study incantations"},
{"ID":23510001,"Text":"Talk"},
{"ID":23510002,"Text":"About the noble Goldmask"},
{"ID":23510003,"Text":"Tell the noble Goldmask's whereabouts"},
{"ID":23510004,"Text":"About the noble Goldmask"},
{"ID":23510005,"Text":"About the noble Goldmask"},
{"ID":23510006,"Text":"About the noble Goldmask"},
{"ID":23510007,"Text":"About the noble Goldmask"},
{"ID":23510008,"Text":"About the noble Goldmask"},
{"ID":23510009,"Text":"Give Tonic of Forgetfulness"},
{"ID":23510010,"Text":"Give a prayerbook"},
{"ID":23510011,"Text":"Give the Fire Monks' Prayerbook"},
{"ID":23510012,"Text":"Give the Giant's Prayerbook"},
{"ID":23510013,"Text":"Give the Godskin Prayerbook"},
{"ID":23510014,"Text":"Give the Two Fingers' Prayerbook"},
{"ID":23510015,"Text":"Give the Assassin's Prayerbook"},
{"ID":23510016,"Text":"Give the Erdtree Prayerbook"},
{"ID":23510017,"Text":"Give the Erdtree Codex"},
{"ID":23510018,"Text":"Give the Golden Order Principia"},
{"ID":23510019,"Text":"Give the Golden Order Canon"},
{"ID":23510020,"Text":"Give the Dragon Cult Prayerbook"},
{"ID":23510021,"Text":"Give the Ancient Dragon Prayerbook"},
{"ID":23510022,"Text":"Don't give a prayerbook"},
{"ID":23511000,"Text":"I see it"},
{"ID":23511001,"Text":"I don't see it"},
{"ID":26000000,"Text":"Offer a bell bearing"},
{"ID":26000001,"Text":"Cancel"},
{"ID":26000002,"Text":null},
{"ID":26000003,"Text":null},
{"ID":26000004,"Text":"Go back"},
{"ID":26000005,"Text":null},
{"ID":26000006,"Text":null},
{"ID":26000007,"Text":null},
{"ID":26000008,"Text":null},
{"ID":26000009,"Text":null},
{"ID":26000010,"Text":"Purchase"},
{"ID":26000011,"Text":"Bell Bearing Shop 1"},
{"ID":26000012,"Text":"Bell Bearing Shop 2"},
{"ID":26000013,"Text":"Bell Bearing Shop 3"},
{"ID":26000014,"Text":"Bell Bearing Shop 4"},
{"ID":26000015,"Text":null},
{"ID":26000016,"Text":null},
{"ID":26000017,"Text":null},
{"ID":26000018,"Text":null},
{"ID":26000019,"Text":null},
{"ID":26000020,"Text":"Sellen's Bell Bearing"},
{"ID":26000021,"Text":"Seluvis's Bell Bearing"},
{"ID":26000022,"Text":"Seluvis's Bell Bearing"},
{"ID":26000023,"Text":"Thops's Bell Bearing"},
{"ID":26000024,"Text":"Corhyn's Bell Bearing"},
{"ID":26000025,"Text":"Miriel's Bell Bearing (Sorcery)"},
{"ID":26000026,"Text":"D's Bell Bearing"},
{"ID":26000027,"Text":"Gowry's Bell Bearing (Sorcery)"},
{"ID":26000028,"Text":"Rogier's Bell Bearing"},
{"ID":26000029,"Text":"Bernahl's Bell Bearing"},
{"ID":26000030,"Text":"Iji's Bell Bearing"},
{"ID":26000031,"Text":"Miriel's Bell Bearing (Incantations)"},
{"ID":26000032,"Text":"Gowry's Bell Bearing (Incantations)"},
{"ID":26000033,"Text":null},
{"ID":26000034,"Text":null},
{"ID":26000035,"Text":null},
{"ID":26000036,"Text":null},
{"ID":26000037,"Text":null},
{"ID":26000038,"Text":null},
{"ID":26000039,"Text":null},
{"ID":26000040,"Text":"Gostoc's Bell Bearing"},
{"ID":26000041,"Text":"Pidia's Bell Bearing"},
{"ID":26000042,"Text":"Patches' Bell Bearing"},
{"ID":26000043,"Text":"Blackguard's Bell Bearing"},
{"ID":26000044,"Text":null},
{"ID":26000045,"Text":null},
{"ID":26000046,"Text":null},
{"ID":26000047,"Text":null},
{"ID":26000048,"Text":null},
{"ID":26000049,"Text":null},
{"ID":26000050,"Text":"Nomadic Merchant's Bell Bearing [1]"},
{"ID":26000051,"Text":"Nomadic Merchant's Bell Bearing [2]"},
{"ID":26000052,"Text":"Nomadic Merchant's Bell Bearing [3]"},
{"ID":26000053,"Text":"Nomadic Merchant's Bell Bearing [4]"},
{"ID":26000054,"Text":"Nomadic Merchant's Bell Bearing [5]"},
{"ID":26000055,"Text":"Nomadic Merchant's Bell Bearing [6]"},
{"ID":26000056,"Text":"Nomadic Merchant's Bell Bearing [7]"},
{"ID":26000057,"Text":"Nomadic Merchant's Bell Bearing [8]"},
{"ID":26000058,"Text":"Nomadic Merchant's Bell Bearing [9]"},
{"ID":26000059,"Text":"Nomadic Merchant's Bell Bearing [10]"},
{"ID":26000060,"Text":"Nomadic Merchant's Bell Bearing [11]"},
{"ID":26000061,"Text":null},
{"ID":26000062,"Text":null},
{"ID":26000063,"Text":null},
{"ID":26000064,"Text":null},
{"ID":26000065,"Text":null},
{"ID":26000066,"Text":null},
{"ID":26000067,"Text":null},
{"ID":26000068,"Text":null},
{"ID":26000069,"Text":null},
{"ID":26000070,"Text":"Kalé's Bell Bearing"},
{"ID":26000071,"Text":"Isolated Merchant's Bell Bearing [1]"},
{"ID":26000072,"Text":"Isolated Merchant's Bell Bearing [2]"},
{"ID":26000073,"Text":"Hermit Merchant's Bell Bearing [1]"},
{"ID":26000074,"Text":"Isolated Merchant's Bell Bearing [3]"},
{"ID":26000075,"Text":"Hermit Merchant's Bell Bearing [2]"},
{"ID":26000076,"Text":"Abandoned Merchant's Bell Bearing"},
{"ID":26000077,"Text":"Hermit Merchant's Bell Bearing [3]"},
{"ID":26000078,"Text":"Imprisoned Merchant's Bell Bearing"},
{"ID":26000110,"Text":"Offer Pidia's Bell Bearing"},
{"ID":26000111,"Text":"Offer Seluvis's Bell Bearing"},
{"ID":26000112,"Text":"Offer Patches' Bell Bearing"},
{"ID":26000113,"Text":"Offer Sellen's Bell Bearing"},
{"ID":26000114,"Text":null},
{"ID":26000115,"Text":"Offer D's Bell Bearing"},
{"ID":26000116,"Text":"Offer Bernahl's Bell Bearing"},
{"ID":26000117,"Text":"Offer Miriel's Bell Bearing"},
{"ID":26000118,"Text":"Offer Gostoc's Bell Bearing"},
{"ID":26000119,"Text":"Offer Thops's Bell Bearing"},
{"ID":26000120,"Text":"Offer Kalé's Bell Bearing"},
{"ID":26000121,"Text":"Offer Nomadic Merchant's Bell Bearing [1]"},
{"ID":26000122,"Text":"Offer Nomadic Merchant's Bell Bearing [2]"},
{"ID":26000123,"Text":"Offer Nomadic Merchant's Bell Bearing [3]"},
{"ID":26000124,"Text":"Offer Nomadic Merchant's Bell Bearing [4]"},
{"ID":26000125,"Text":"Offer Nomadic Merchant's Bell Bearing [5]"},
{"ID":26000126,"Text":"Offer Isolated Merchant's Bell Bearing [1]"},
{"ID":26000127,"Text":"Offer Isolated Merchant's Bell Bearing [2]"},
{"ID":26000128,"Text":"Offer Nomadic Merchant's Bell Bearing [6]"},
{"ID":26000129,"Text":"Offer Hermit Merchant's Bell Bearing [1]"},
{"ID":26000130,"Text":"Offer Nomadic Merchant's Bell Bearing [7]"},
{"ID":26000131,"Text":"Offer Nomadic Merchant's Bell Bearing [8]"},
{"ID":26000132,"Text":"Offer Nomadic Merchant's Bell Bearing [9]"},
{"ID":26000133,"Text":"Offer Nomadic Merchant's Bell Bearing [10]"},
{"ID":26000134,"Text":"Offer Nomadic Merchant's Bell Bearing [11]"},
{"ID":26000135,"Text":"Offer Isolated Merchant's Bell Bearing [3]"},
{"ID":26000136,"Text":"Offer Hermit Merchant's Bell Bearing [2]"},
{"ID":26000137,"Text":"Offer Abandoned Merchant's Bell Bearing"},
{"ID":26000138,"Text":"Offer Hermit Merchant's Bell Bearing [3]"},
{"ID":26000139,"Text":"Offer Imprisoned Merchant's Bell Bearing"},
{"ID":26000140,"Text":"Offer Iji's Bell Bearing"},
{"ID":26000141,"Text":"Offer Rogier's Bell Bearing"},
{"ID":26000142,"Text":"Offer Blackguard's Bell Bearing"},
{"ID":26000143,"Text":"Offer Corhyn's Bell Bearing"},
{"ID":26000144,"Text":"Offer Gowry's Bell Bearing"},
{"ID":26000145,"Text":"Offer Bone Peddler's Bell Bearing"},
{"ID":26000146,"Text":"Offer Meat Peddler's Bell Bearing"},
{"ID":26000147,"Text":"Offer Medicine Peddler's Bell Bearing"},
{"ID":26000148,"Text":"Offer Gravity Stone Peddler's Bell Bearing"},
{"ID":26000149,"Text":null},
{"ID":26000150,"Text":null},
{"ID":26000151,"Text":"Offer Smithing Miner's Bell Bearing [1]"},
{"ID":26000152,"Text":"Offer Smithing Miner's Bell Bearing [2]"},
{"ID":26000153,"Text":"Offer Smithing Miner's Bell Bearing [3]"},
{"ID":26000154,"Text":"Offer Smithing Miner's Bell Bearing [4]"},
{"ID":26000155,"Text":"Offer Somber Miner's Bell Bearing [1]"},
{"ID":26000156,"Text":"Offer Somber Miner's Bell Bearing [2]"},
{"ID":26000157,"Text":"Offer Somber Miner's Bell Bearing [3]"},
{"ID":26000158,"Text":"Offer Somber Miner's Bell Bearing [4]"},
{"ID":26000159,"Text":"Offer Somber Miner's Bell Bearing [5]"},
{"ID":26000160,"Text":"Offer Glovewort Picker's Bell Bearing [1]"},
{"ID":26000161,"Text":"Offer Glovewort Picker's Bell Bearing [2]"},
{"ID":26000162,"Text":"Offer Glovewort Picker's Bell Bearing [3]"},
{"ID":26000163,"Text":"Offer Ghostform Picker's Bell Bearing [1]"},
{"ID":26000164,"Text":"Offer Ghostform Picker's Bell Bearing [2]"},
{"ID":26000165,"Text":"Offer Ghostform Picker's Bell Bearing [3]"},
{"ID":26001000,"Text":"No bell bearings offered"},
{"ID":26001001,"Text":"No bell bearing to offer"},
{"ID":26001110,"Text":"Offered Pidia's Bell Bearing"},
{"ID":26001111,"Text":"Offered Seluvis's Bell Bearing"},
{"ID":26001112,"Text":"Offered Patches' Bell Bearing"},
{"ID":26001113,"Text":"Offered Sellen's Bell Bearing"},
{"ID":26001114,"Text":"Offered Monk Jiko's Ashes"},
{"ID":26001115,"Text":"Offered D's Bell Bearing"},
{"ID":26001116,"Text":"Offered Bernahl's Bell Bearing"},
{"ID":26001117,"Text":"Offered Miriel's Bell Bearing"},
{"ID":26001118,"Text":"Offered Gostoc's Bell Bearing"},
{"ID":26001119,"Text":"Offered Thops's Bell Bearing"},
{"ID":26001120,"Text":"Offered Kalé's Bell Bearing"},
{"ID":26001121,"Text":"Offered Nomadic Merchant's Bell Bearing [1]"},
{"ID":26001122,"Text":"Offered Nomadic Merchant's Bell Bearing [2]"},
{"ID":26001123,"Text":"Offered Nomadic Merchant's Bell Bearing [3]"},
{"ID":26001124,"Text":"Offered Nomadic Merchant's Bell Bearing [4]"},
{"ID":26001125,"Text":"Offered Nomadic Merchant's Bell Bearing [5]"},
{"ID":26001126,"Text":"Offered Isolated Merchant's Bell Bearing [1]"},
{"ID":26001127,"Text":"Offered Isolated Merchant's Bell Bearing [2]"},
{"ID":26001128,"Text":"Offered Nomadic Merchant's Bell Bearing [6]"},
{"ID":26001129,"Text":"Offered Hermit Merchant's Bell Bearing [1]"},
{"ID":26001130,"Text":"Offered Nomadic Merchant's Bell Bearing [7]"},
{"ID":26001131,"Text":"Offered Nomadic Merchant's Bell Bearing [8]"},
{"ID":26001132,"Text":"Offered Nomadic Merchant's Bell Bearing [9]"},
{"ID":26001133,"Text":"Offered Nomadic Merchant's Bell Bearing [10]"},
{"ID":26001134,"Text":"Offered Nomadic Merchant's Bell Bearing [11]"},
{"ID":26001135,"Text":"Offered Isolated Merchant's Bell Bearing [3]"},
{"ID":26001136,"Text":"Offered Hermit Merchant's Bell Bearing [2]"},
{"ID":26001137,"Text":"Offered Abandoned Merchant's Bell Bearing"},
{"ID":26001138,"Text":"Offered Hermit Merchant's Bell Bearing [3]"},
{"ID":26001139,"Text":"Offered Imprisoned Merchant's Bell Bearing"},
{"ID":26001140,"Text":"Offered Iji's Bell Bearing"},
{"ID":26001141,"Text":"Offered Rogier's Bell Bearing"},
{"ID":26001142,"Text":"Offered Blackguard's Bell Bearing"},
{"ID":26001143,"Text":"Offered Corhyn's Bell Bearing"},
{"ID":26001144,"Text":"Offered Gowry's Bell Bearing"},
{"ID":26001145,"Text":"Offered Bone Peddler's Bell Bearing"},
{"ID":26001146,"Text":"Offered Meat Peddler's Bell Bearing"},
{"ID":26001147,"Text":"Offered Medicine Peddler's Bell Bearing"},
{"ID":26001148,"Text":"Offered Gravity Stone Peddler's Bell Bearing"},
{"ID":26001149,"Text":null},
{"ID":26001150,"Text":null},
{"ID":26001151,"Text":"Offered Smithing Miner's Bell Bearing [1]"},
{"ID":26001152,"Text":"Offered Smithing Miner's Bell Bearing [2]"},
{"ID":26001153,"Text":"Offered Smithing Miner's Bell Bearing [3]"},
{"ID":26001154,"Text":"Offered Smithing Miner's Bell Bearing [4]"},
{"ID":26001155,"Text":"Offered Somber Miner's Bell Bearing [1]"},
{"ID":26001156,"Text":"Offered Somber Miner's Bell Bearing [2]"},
{"ID":26001157,"Text":"Offered Somber Miner's Bell Bearing [3]"},
{"ID":26001158,"Text":"Offered Somber Miner's Bell Bearing [4]"},
{"ID":26001159,"Text":"Offered Somber Miner's Bell Bearing [5]"},
{"ID":26001160,"Text":"Offered Glovewort Picker's Bell Bearing [1]"},
{"ID":26001161,"Text":"Offered Glovewort Picker's Bell Bearing [2]"},
{"ID":26001162,"Text":"Offered Glovewort Picker's Bell Bearing [3]"},
{"ID":26001163,"Text":"Offered Ghostform Picker's Bell Bearing [1]"},
{"ID":26001164,"Text":"Offered Ghostform Picker's Bell Bearing [2]"},
{"ID":26001165,"Text":"Offered Ghostform Picker's Bell Bearing [3]"},
{"ID":26010000,"Text":"Ritual of Dragon Communion"},
{"ID":26020000,"Text":"Strengthen armament"},
{"ID":26020001,"Text":"Affix gem"},
{"ID":26071000,"Text":"Mend the Elden Ring"},
{"ID":26071001,"Text":"Use Mending Rune of Perfect Order"},
{"ID":26071002,"Text":"Use Mending Rune of the Death-Prince"},
{"ID":26071003,"Text":"Use Mending Rune of the Fell Curse"},
{"ID":26080000,"Text":"Apply cosmetics"},
{"ID":26080001,"Text":"Leave"},
{"ID":28000002,"Text":"About Kalé"},
{"ID":28000003,"Text":"Recommendation"},
{"ID":28000004,"Text":"Talk"},
{"ID":28000005,"Text":"Talk"},
{"ID":28000006,"Text":null},
{"ID":28000007,"Text":null},
{"ID":28000008,"Text":null},
{"ID":28000009,"Text":null},
{"ID":28000010,"Text":null},
{"ID":28000011,"Text":null},
{"ID":28000012,"Text":null},
{"ID":28000013,"Text":null},
{"ID":28000014,"Text":"About the howling in Mistwood"},
{"ID":28000015,"Text":"About Blaidd"},
{"ID":99990200,"Text":null},
{"ID":99990201,"Text":null},
{"ID":99990202,"Text":null},
{"ID":99990203,"Text":null},
{"ID":99990204,"Text":null},
{"ID":99990205,"Text":"Level up"},
{"ID":99990299,"Text":null},
{"ID":99990300,"Text":null},
{"ID":99990301,"Text":"Speak with Merina"},
{"ID":99990302,"Text":"You can now summon spirits at rebirth monuments"},
{"ID":99990400,"Text":"Your sins will be pardoned for <?evntAcquittalPrice?> runes\nRequest absolution?"},
{"ID":99990401,"Text":"Your sins have been pardoned"},
{"ID":99990402,"Text":"Insufficient runes"},
{"ID":99990403,"Text":"You are already absolved"},
{"ID":99990404,"Text":"Request absolution? (仮)"},
{"ID":99990405,"Text":"No item (仮)"},
{"ID":99991000,"Text":null},
{"ID":99992000,"Text":null},
{"ID":99992001,"Text":null},
{"ID":99992002,"Text":null},
{"ID":99992003,"Text":null},
{"ID":99992004,"Text":null},
{"ID":99992005,"Text":null},
{"ID":99992006,"Text":null},
{"ID":99992007,"Text":null},
{"ID":99992008,"Text":null},
{"ID":99992009,"Text":null},
{"ID":99992010,"Text":null},
{"ID":99993010,"Text":null},
{"ID":99993011,"Text":null},
{"ID":99993012,"Text":null},
{"ID":99993013,"Text":null},
{"ID":99993014,"Text":null},
{"ID":99993015,"Text":null},
{"ID":99993016,"Text":null},
{"ID":99993017,"Text":null},
{"ID":99993018,"Text":null},
{"ID":99993019,"Text":null},
{"ID":99993020,"Text":null},
{"ID":99993021,"Text":null},
{"ID":99996000,"Text":null},
{"ID":99997000,"Text":null},
{"ID":99998200,"Text":null},
{"ID":99998201,"Text":null},
{"ID":99998202,"Text":null},
{"ID":99998203,"Text":null},
{"ID":99998204,"Text":null},
{"ID":99998205,"Text":null},
{"ID":99998206,"Text":null},
{"ID":99998207,"Text":null},
{"ID":99998208,"Text":null},
{"ID":99998209,"Text":null},
{"ID":99998210,"Text":null},
{"ID":99998211,"Text":null},
{"ID":99998300,"Text":null},
{"ID":99998301,"Text":null},
{"ID":99998302,"Text":null},
{"ID":99998400,"Text":null},
{"ID":99998401,"Text":null},
{"ID":99998500,"Text":null},
{"ID":99999000,"Text":"Weapons"},
{"ID":99999001,"Text":"Armor"},
{"ID":99999002,"Text":"Spells"},
{"ID":99999003,"Text":"Talismans"},
{"ID":99999004,"Text":"Ammunition"},
{"ID":99999005,"Text":"Ashes of War"},
{"ID":99999006,"Text":"Consumables"},
{"ID":99999007,"Text":"Spirit Summons"},
{"ID":99999008,"Text":"Materials"},
{"ID":99999009,"Text":"Miscellaneous Items"},
{"ID":99999010,"Text":"Gestures"},
{"ID":99999011,"Text":"All gestures unlocked."},
{"ID":99999020,"Text":"Cut Content"},
{"ID":99999021,"Text":"Cut Gestures"},
{"ID":99999022,"Text":"All cut gestures unlocked."},
{"ID":99999030,"Text":"Browse Inventory"},
{"ID":99999031,"Text":"Items"},
{"ID":99999032,"Text":"Browse Cut Content"},
{"ID":99999033,"Text":"Goods"},
{"ID":99999100,"Text":"Unlock"},
{"ID":99999200,"Text":"Get Runes"}
],"Version":2,"BigEndian":false,"Compression":1}}