﻿<?xml version="1.0" encoding="utf-8"?><Atlas><Texture filename="iteminfo_images.tex" /><Elements><Element name="armor.tex" u1="0" u2="0.25" v2="1" v1="0.75" /><Element name="freshness.tex" u1="0.25" u2="0.5" v2="1" v1="0.75" /><Element name="fuel_light.tex" u1="0" u2="0.25" v2="0.75" v1="0.5" /><Element name="fuel_wearable.tex" u1="0.25" u2="0.5" v2="0.75" v1="0.5" /><Element name="health.tex" u1="0.5" u2="0.75" v2="1" v1="0.75" /><Element name="hunger.tex" u1="0.75" u2="1" v2="1" v1="0.75" /><Element name="insulation_summer.tex" u1="0.5" u2="0.75" v2="0.75" v1="0.5" /><Element name="insulation_winter.tex" u1="0.75" u2="1" v2="0.75" v1="0.5" /><Element name="label.tex" u1="0" u2="0.25" v2="0.5" v1="0.25" /><Element name="sanity.tex" u1="0.25" u2="0.5" v2="0.5" v1="0.25" /><Element name="spoiled.tex" u1="0.5" u2="0.75" v2="0.5" v1="0.25" /><Element name="stale.tex" u1="0.75" u2="1" v2="0.5" v1="0.25" /><Element name="uses.tex" u1="0" u2="0.25" v2="0.25" v1="0" /><Element name="waterproof.tex" u1="0.25" u2="0.5" v2="0.25" v1="0" /><Element name="weapon.tex" u1="0.5" u2="0.75" v2="0.25" v1="0" /></Elements></Atlas>