ID,Name,disableParam_NT,disableParamReserve1,disableParamReserve2,iconId,rank,sortGroupId,spEffectId0,spEffectId1,spEffectId2,itemGetTutorialFlagId,swordArtsParamId,mountValue,sellValue,saleValue,sortId,compTrophySedId,trophySeqId,configurableWepAttr00,configurableWepAttr01,configurableWepAttr02,configurableWepAttr03,configurableWepAttr04,configurableWepAttr05,configurableWepAttr06,configurableWepAttr07,configurableWepAttr08,configurableWepAttr09,configurableWepAttr10,configurableWepAttr11,configurableWepAttr12,configurableWepAttr13,configurableWepAttr14,configurableWepAttr15,rarity,configurableWepAttr16,configurableWepAttr17,configurableWepAttr18,configurableWepAttr19,configurableWepAttr20,configurableWepAttr21,configurableWepAttr22,configurableWepAttr23,isDiscard,isDrop,isDeposit,disableMultiDropShare,showDialogCondType,showLogCondType,pad,defaultWepAttr,pad2,canMountWep_Dagger,canMountWep_SwordNormal,canMountWep_SwordLarge,canMountWep_SwordGigantic,canMountWep_SaberNormal,canMountWep_SaberLarge,canMountWep_katana,canMountWep_SwordDoubleEdge,canMountWep_SwordPierce,canMountWep_RapierHeavy,canMountWep_AxeNormal,canMountWep_AxeLarge,canMountWep_HammerNormal,canMountWep_HammerLarge,canMountWep_Flail,canMountWep_SpearNormal,canMountWep_SpearLarge,canMountWep_SpearHeavy,canMountWep_SpearAxe,canMountWep_Sickle,canMountWep_Knuckle,canMountWep_Claw,canMountWep_Whip,canMountWep_AxhammerLarge,canMountWep_BowSmall,canMountWep_BowNormal,canMountWep_BowLarge,canMountWep_ClossBow,canMountWep_Ballista,canMountWep_Staff,canMountWep_Sorcery,canMountWep_Talisman,canMountWep_ShieldSmall,canMountWep_ShieldNormal,canMountWep_ShieldLarge,canMountWep_Torch,reserved_canMountWep,reserved2_canMountWep,spEffectMsgId0,spEffectMsgId1,spEffectId_forAtk0,spEffectId_forAtk1,spEffectId_forAtk2,mountWepTextId,pad6,
40,Ash of War: Lion's Claw,1,0,[0|0|0],21000,0,255,2300,2810,-1,710600,100,0,0,0,999999,-1,-1,1,1,1,1,1,1,1,1,1,1,1,0,0,0,0,0,1,0,0,0,0,0,0,0,0,1,0,1,0,2,1,0,0,[0|0],1,1,1,1,1,1,1,1,1,1,1,1,1,1,1,1,0,1,1,1,1,1,1,1,1,1,1,1,1,1,1,1,1,1,1,1,0,[0|0|0],2300,2810,-1,-1,-1,-1,[0|0|0|0|0|0|0|0]
41,Ash of War: Lion's Claw,1,0,[0|0|0],21001,0,255,-1,-1,-1,710600,100,0,0,0,999999,-1,-1,1,1,1,1,1,1,1,1,1,1,1,0,0,0,0,0,1,0,0,0,0,0,0,0,0,1,0,1,0,2,1,0,0,[0|0],1,1,1,1,1,1,1,1,1,1,1,1,1,1,1,1,0,1,1,1,1,1,1,1,1,1,1,1,1,1,1,1,1,1,1,1,0,[0|0|0],6405,6505,6405,6505,-1,-1,[0|0|0|0|0|0|0|0]
100,Ash of War: Lion's Claw,1,0,[0|0|0],0,0,255,-1,-1,-1,0,100,0,0,0,999999,-1,-1,1,1,1,1,1,1,1,1,1,1,1,0,0,0,0,0,1,0,0,0,0,0,0,0,0,1,0,1,0,2,1,0,0,[0|0],1,1,1,1,1,1,1,1,1,1,1,1,1,1,1,1,0,1,1,1,1,1,1,1,1,1,1,1,1,1,1,1,1,1,1,1,0,[0|0|0],-1,-1,-1,-1,-1,-1,[0|0|0|0|0|0|0|0]
101,Ash of War: Impaling Thrust,1,0,[0|0|0],0,0,255,-1,-1,-1,0,101,0,0,0,999999,-1,-1,1,1,1,1,1,1,1,1,1,1,1,0,0,0,0,0,1,0,0,0,0,0,0,0,0,1,0,1,0,2,1,0,0,[0|0],1,1,1,1,1,1,1,1,1,1,1,1,1,1,1,1,0,1,1,1,1,1,1,1,1,1,1,1,1,1,1,1,1,1,1,1,0,[0|0|0],-1,-1,-1,-1,-1,-1,[0|0|0|0|0|0|0|0]
102,Ash of War: Piercing Fang,1,0,[0|0|0],0,0,255,-1,-1,-1,0,102,0,0,0,999999,-1,-1,1,1,1,1,1,1,1,1,1,1,1,0,0,0,0,0,1,0,0,0,0,0,0,0,0,1,0,1,0,2,1,0,0,[0|0],1,1,1,1,1,1,1,1,1,1,1,1,1,1,1,1,0,1,1,1,1,1,1,1,1,1,1,1,1,1,1,1,1,1,1,1,0,[0|0|0],-1,-1,-1,-1,-1,-1,[0|0|0|0|0|0|0|0]
103,Ash of War: Spinning Slash,1,0,[0|0|0],0,0,255,-1,-1,-1,0,103,0,0,0,999999,-1,-1,1,1,1,1,1,1,1,1,1,1,1,0,0,0,0,0,1,0,0,0,0,0,0,0,0,1,0,1,0,2,1,0,0,[0|0],1,1,1,1,1,1,1,1,1,1,1,1,1,1,1,1,0,1,1,1,1,1,1,1,1,1,1,1,1,1,1,1,1,1,1,1,0,[0|0|0],-1,-1,-1,-1,-1,-1,[0|0|0|0|0|0|0|0]
104,Ash of War:,1,0,[0|0|0],0,0,255,-1,-1,-1,0,104,0,0,0,999999,-1,-1,1,1,1,1,1,1,1,1,1,1,1,0,0,0,0,0,1,0,0,0,0,0,0,0,0,1,0,1,0,2,1,0,0,[0|0],1,1,1,1,1,1,1,1,1,1,1,1,1,1,1,1,0,1,1,1,1,1,1,1,1,1,1,1,1,1,1,1,1,1,1,1,0,[0|0|0],-1,-1,-1,-1,-1,-1,[0|0|0|0|0|0|0|0]
105,Ash of War: Charge Forth,1,0,[0|0|0],0,0,255,-1,-1,-1,0,105,0,0,0,999999,-1,-1,1,1,1,1,1,1,1,1,1,1,1,0,0,0,0,0,1,0,0,0,0,0,0,0,0,1,0,1,0,2,1,0,0,[0|0],1,1,1,1,1,1,1,1,1,1,1,1,1,1,1,1,0,1,1,1,1,1,1,1,1,1,1,1,1,1,1,1,1,1,1,1,0,[0|0|0],-1,-1,-1,-1,-1,-1,[0|0|0|0|0|0|0|0]
106,Ash of War: Stamp (Upward Cut),1,0,[0|0|0],0,0,255,-1,-1,-1,0,106,0,0,0,999999,-1,-1,1,1,1,1,1,1,1,1,1,1,1,0,0,0,0,0,1,0,0,0,0,0,0,0,0,1,0,1,0,2,1,0,0,[0|0],1,1,1,1,1,1,1,1,1,1,1,1,1,1,1,1,0,1,1,1,1,1,1,1,1,1,1,1,1,1,1,1,1,1,1,1,0,[0|0|0],-1,-1,-1,-1,-1,-1,[0|0|0|0|0|0|0|0]
107,Ash of War: Stamp (Sweep),1,0,[0|0|0],0,0,255,-1,-1,-1,0,107,0,0,0,999999,-1,-1,1,1,1,1,1,1,1,1,1,1,1,0,0,0,0,0,1,0,0,0,0,0,0,0,0,1,0,1,0,2,1,0,0,[0|0],1,1,1,1,1,1,1,1,1,1,1,1,1,1,1,1,0,1,1,1,1,1,1,1,1,1,1,1,1,1,1,1,1,1,1,1,0,[0|0|0],-1,-1,-1,-1,-1,-1,[0|0|0|0|0|0|0|0]
108,Ash of War: Blood Tax,1,0,[0|0|0],0,0,255,-1,-1,-1,0,108,0,0,0,999999,-1,-1,1,1,1,1,1,1,1,1,1,1,1,0,0,0,0,0,1,0,0,0,0,0,0,0,0,1,0,1,0,2,1,0,0,[0|0],1,1,1,1,1,1,1,1,1,1,1,1,1,1,1,1,0,1,1,1,1,1,1,1,1,1,1,1,1,1,1,1,1,1,1,1,0,[0|0|0],-1,-1,-1,-1,-1,-1,[0|0|0|0|0|0|0|0]
109,Ash of War: Repeating Thrust,1,0,[0|0|0],0,0,255,-1,-1,-1,0,109,0,0,0,999999,-1,-1,1,1,1,1,1,1,1,1,1,1,1,0,0,0,0,0,1,0,0,0,0,0,0,0,0,1,0,1,0,2,1,0,0,[0|0],1,1,1,1,1,1,1,1,1,1,1,1,1,1,1,1,0,1,1,1,1,1,1,1,1,1,1,1,1,1,1,1,1,1,1,1,0,[0|0|0],-1,-1,-1,-1,-1,-1,[0|0|0|0|0|0|0|0]
110,Ash of War: Wild Strikes,1,0,[0|0|0],0,0,255,-1,-1,-1,0,110,0,0,0,999999,-1,-1,1,1,1,1,1,1,1,1,1,1,1,0,0,0,0,0,1,0,0,0,0,0,0,0,0,1,0,1,0,2,1,0,0,[0|0],1,1,1,1,1,1,1,1,1,1,1,1,1,1,1,1,0,1,1,1,1,1,1,1,1,1,1,1,1,1,1,1,1,1,1,1,0,[0|0|0],-1,-1,-1,-1,-1,-1,[0|0|0|0|0|0|0|0]
111,Ash of War: Spinning Strikes,1,0,[0|0|0],0,0,255,-1,-1,-1,0,111,0,0,0,999999,-1,-1,1,1,1,1,1,1,1,1,1,1,1,0,0,0,0,0,1,0,0,0,0,0,0,0,0,1,0,1,0,2,1,0,0,[0|0],1,1,1,1,1,1,1,1,1,1,1,1,1,1,1,1,0,1,1,1,1,1,1,1,1,1,1,1,1,1,1,1,1,1,1,1,0,[0|0|0],-1,-1,-1,-1,-1,-1,[0|0|0|0|0|0|0|0]
112,Ash of War: Double Slash,1,0,[0|0|0],0,0,255,-1,-1,-1,0,112,0,0,0,999999,-1,-1,1,1,1,1,1,1,1,1,1,1,1,0,0,0,0,0,1,0,0,0,0,0,0,0,0,1,0,1,0,2,1,0,0,[0|0],1,1,1,1,1,1,1,1,1,1,1,1,1,1,1,1,0,1,1,1,1,1,1,1,1,1,1,1,1,1,1,1,1,1,1,1,0,[0|0|0],-1,-1,-1,-1,-1,-1,[0|0|0|0|0|0|0|0]
113,Ash of War: Prelate's Charge,1,0,[0|0|0],0,0,255,-1,-1,-1,0,113,0,0,0,999999,-1,-1,1,1,1,1,1,1,1,1,1,1,1,0,0,0,0,0,1,0,0,0,0,0,0,0,0,1,0,1,0,2,1,0,0,[0|0],1,1,1,1,1,1,1,1,1,1,1,1,1,1,1,1,0,1,1,1,1,1,1,1,1,1,1,1,1,1,1,1,1,1,1,1,0,[0|0|0],-1,-1,-1,-1,-1,-1,[0|0|0|0|0|0|0|0]
114,Ash of War: Unsheathe,1,0,[0|0|0],0,0,255,-1,-1,-1,0,114,0,0,0,999999,-1,-1,1,1,1,1,1,1,1,1,1,1,1,0,0,0,0,0,1,0,0,0,0,0,0,0,0,1,0,1,0,2,1,0,0,[0|0],1,1,1,1,1,1,1,1,1,1,1,1,1,1,1,1,0,1,1,1,1,1,1,1,1,1,1,1,1,1,1,1,1,1,1,1,0,[0|0|0],-1,-1,-1,-1,-1,-1,[0|0|0|0|0|0|0|0]
115,Ash of War: Square Off,1,0,[0|0|0],0,0,255,-1,-1,-1,0,115,0,0,0,999999,-1,-1,1,1,1,1,1,1,1,1,1,1,1,0,0,0,0,0,1,0,0,0,0,0,0,0,0,1,0,1,0,2,1,0,0,[0|0],1,1,1,1,1,1,1,1,1,1,1,1,1,1,1,1,0,1,1,1,1,1,1,1,1,1,1,1,1,1,1,1,1,1,1,1,0,[0|0|0],-1,-1,-1,-1,-1,-1,[0|0|0|0|0|0|0|0]
116,Ash of War: Giant Hunt,1,0,[0|0|0],0,0,255,-1,-1,-1,0,116,0,0,0,999999,-1,-1,1,1,1,1,1,1,1,1,1,1,1,0,0,0,0,0,1,0,0,0,0,0,0,0,0,1,0,1,0,2,1,0,0,[0|0],1,1,1,1,1,1,1,1,1,1,1,1,1,1,1,1,0,1,1,1,1,1,1,1,1,1,1,1,1,1,1,1,1,1,1,1,0,[0|0|0],-1,-1,-1,-1,-1,-1,[0|0|0|0|0|0|0|0]
117,Ash of War: Torch Attack,1,0,[0|0|0],0,0,255,-1,-1,-1,0,117,0,0,0,999999,-1,-1,1,1,1,1,1,1,1,1,1,1,1,0,0,0,0,0,1,0,0,0,0,0,0,0,0,1,0,1,0,2,1,0,0,[0|0],1,1,1,1,1,1,1,1,1,1,1,1,1,1,1,1,0,1,1,1,1,1,1,1,1,1,1,1,1,1,1,1,1,1,1,1,0,[0|0|0],-1,-1,-1,-1,-1,-1,[0|0|0|0|0|0|0|0]
118,Ash of War: Loretta's Slash,1,0,[0|0|0],0,0,255,-1,-1,-1,0,118,0,0,0,999999,-1,-1,1,1,1,1,1,1,1,1,1,1,1,0,0,0,0,0,1,0,0,0,0,0,0,0,0,1,0,1,0,2,1,0,0,[0|0],1,1,1,1,1,1,1,1,1,1,1,1,1,1,1,1,0,1,1,1,1,1,1,1,1,1,1,1,1,1,1,1,1,1,1,1,0,[0|0|0],-1,-1,-1,-1,-1,-1,[0|0|0|0|0|0|0|0]
119,Ash of War: Poison Moth Flight,1,0,[0|0|0],0,0,255,-1,-1,-1,0,119,0,0,0,999999,-1,-1,1,1,1,1,1,1,1,1,1,1,1,0,0,0,0,0,1,0,0,0,0,0,0,0,0,1,0,1,0,2,1,0,0,[0|0],1,1,1,1,1,1,1,1,1,1,1,1,1,1,1,1,0,1,1,1,1,1,1,1,1,1,1,1,1,1,1,1,1,1,1,1,0,[0|0|0],-1,-1,-1,-1,-1,-1,[0|0|0|0|0|0|0|0]
120,Ash of War: Spinning Weapon,1,0,[0|0|0],0,0,255,-1,-1,-1,0,120,0,0,0,999999,-1,-1,1,1,1,1,1,1,1,1,1,1,1,0,0,0,0,0,1,0,0,0,0,0,0,0,0,1,0,1,0,2,1,0,0,[0|0],1,1,1,1,1,1,1,1,1,1,1,1,1,1,1,1,0,1,1,1,1,1,1,1,1,1,1,1,1,1,1,1,1,1,1,1,0,[0|0|0],-1,-1,-1,-1,-1,-1,[0|0|0|0|0|0|0|0]
121,Ash of War:,1,0,[0|0|0],0,0,255,-1,-1,-1,0,121,0,0,0,999999,-1,-1,1,1,1,1,1,1,1,1,1,1,1,0,0,0,0,0,1,0,0,0,0,0,0,0,0,1,0,1,0,2,1,0,0,[0|0],1,1,1,1,1,1,1,1,1,1,1,1,1,1,1,1,0,1,1,1,1,1,1,1,1,1,1,1,1,1,1,1,1,1,1,1,0,[0|0|0],-1,-1,-1,-1,-1,-1,[0|0|0|0|0|0|0|0]
122,Ash of War: Storm Assault,1,0,[0|0|0],0,0,255,-1,-1,-1,0,122,0,0,0,999999,-1,-1,1,1,1,1,1,1,1,1,1,1,1,0,0,0,0,0,1,0,0,0,0,0,0,0,0,1,0,1,0,2,1,0,0,[0|0],1,1,1,1,1,1,1,1,1,1,1,1,1,1,1,1,0,1,1,1,1,1,1,1,1,1,1,1,1,1,1,1,1,1,1,1,0,[0|0|0],-1,-1,-1,-1,-1,-1,[0|0|0|0|0|0|0|0]
123,Ash of War: Stormcaller,1,0,[0|0|0],0,0,255,-1,-1,-1,0,123,0,0,0,999999,-1,-1,1,1,1,1,1,1,1,1,1,1,1,0,0,0,0,0,1,0,0,0,0,0,0,0,0,1,0,1,0,2,1,0,0,[0|0],1,1,1,1,1,1,1,1,1,1,1,1,1,1,1,1,0,1,1,1,1,1,1,1,1,1,1,1,1,1,1,1,1,1,1,1,0,[0|0|0],-1,-1,-1,-1,-1,-1,[0|0|0|0|0|0|0|0]
124,Ash of War: Sword Dance,1,0,[0|0|0],0,0,255,-1,-1,-1,0,124,0,0,0,999999,-1,-1,1,1,1,1,1,1,1,1,1,1,1,0,0,0,0,0,1,0,0,0,0,0,0,0,0,1,0,1,0,2,1,0,0,[0|0],1,1,1,1,1,1,1,1,1,1,1,1,1,1,1,1,0,1,1,1,1,1,1,1,1,1,1,1,1,1,1,1,1,1,1,1,0,[0|0|0],-1,-1,-1,-1,-1,-1,[0|0|0|0|0|0|0|0]
125,Ash of War: Sacred Blade,1,0,[0|0|0],0,0,255,-1,-1,-1,0,201,0,0,0,999999,-1,-1,1,1,1,1,1,1,1,1,1,1,1,0,0,0,0,0,1,0,0,0,0,0,0,0,0,1,0,1,0,2,1,0,0,[0|0],1,1,1,1,1,1,1,1,1,1,1,1,1,1,1,1,0,1,1,1,1,1,1,1,1,1,1,1,1,1,1,1,1,1,1,1,0,[0|0|0],-1,-1,-1,-1,-1,-1,[0|0|0|0|0|0|0|0]
126,Ash of War: Ice Spear,1,0,[0|0|0],0,0,255,-1,-1,-1,0,202,0,0,0,999999,-1,-1,1,1,1,1,1,1,1,1,1,1,1,0,0,0,0,0,1,0,0,0,0,0,0,0,0,1,0,1,0,2,1,0,0,[0|0],1,1,1,1,1,1,1,1,1,1,1,1,1,1,1,1,0,1,1,1,1,1,1,1,1,1,1,1,1,1,1,1,1,1,1,1,0,[0|0|0],-1,-1,-1,-1,-1,-1,[0|0|0|0|0|0|0|0]
127,Ash of War: Glintstone Pebble,1,0,[0|0|0],0,0,255,-1,-1,-1,0,203,0,0,0,999999,-1,-1,1,1,1,1,1,1,1,1,1,1,1,0,0,0,0,0,1,0,0,0,0,0,0,0,0,1,0,1,0,2,1,0,0,[0|0],1,1,1,1,1,1,1,1,1,1,1,1,1,1,1,1,0,1,1,1,1,1,1,1,1,1,1,1,1,1,1,1,1,1,1,1,0,[0|0|0],-1,-1,-1,-1,-1,-1,[0|0|0|0|0|0|0|0]
128,Ash of War: Bloody Slash,1,0,[0|0|0],0,0,255,-1,-1,-1,0,204,0,0,0,999999,-1,-1,1,1,1,1,1,1,1,1,1,1,1,0,0,0,0,0,1,0,0,0,0,0,0,0,0,1,0,1,0,2,1,0,0,[0|0],1,1,1,1,1,1,1,1,1,1,1,1,1,1,1,1,0,1,1,1,1,1,1,1,1,1,1,1,1,1,1,1,1,1,1,1,0,[0|0|0],-1,-1,-1,-1,-1,-1,[0|0|0|0|0|0|0|0]
129,Ash of War: Lifesteal Fist,1,0,[0|0|0],0,0,255,-1,-1,-1,0,205,0,0,0,999999,-1,-1,1,1,1,1,1,1,1,1,1,1,1,0,0,0,0,0,1,0,0,0,0,0,0,0,0,1,0,1,0,2,1,0,0,[0|0],1,1,1,1,1,1,1,1,1,1,1,1,1,1,1,1,0,1,1,1,1,1,1,1,1,1,1,1,1,1,1,1,1,1,1,1,0,[0|0|0],-1,-1,-1,-1,-1,-1,[0|0|0|0|0|0|0|0]
130,Ash of War: Eruption,1,0,[0|0|0],0,0,255,-1,-1,-1,0,207,0,0,0,999999,-1,-1,1,1,1,1,1,1,1,1,1,1,1,0,0,0,0,0,1,0,0,0,0,0,0,0,0,1,0,1,0,2,1,0,0,[0|0],1,1,1,1,1,1,1,1,1,1,1,1,1,1,1,1,0,1,1,1,1,1,1,1,1,1,1,1,1,1,1,1,1,1,1,1,0,[0|0|0],-1,-1,-1,-1,-1,-1,[0|0|0|0|0|0|0|0]
131,Ash of War: Prayerful Strike,1,0,[0|0|0],0,0,255,-1,-1,-1,0,208,0,0,0,999999,-1,-1,1,1,1,1,1,1,1,1,1,1,1,0,0,0,0,0,1,0,0,0,0,0,0,0,0,1,0,1,0,2,1,0,0,[0|0],1,1,1,1,1,1,1,1,1,1,1,1,1,1,1,1,0,1,1,1,1,1,1,1,1,1,1,1,1,1,1,1,1,1,1,1,0,[0|0|0],-1,-1,-1,-1,-1,-1,[0|0|0|0|0|0|0|0]
132,Ash of War: Gravitas,1,0,[0|0|0],0,0,255,-1,-1,-1,0,209,0,0,0,999999,-1,-1,1,1,1,1,1,1,1,1,1,1,1,0,0,0,0,0,1,0,0,0,0,0,0,0,0,1,0,1,0,2,1,0,0,[0|0],1,1,1,1,1,1,1,1,1,1,1,1,1,1,1,1,0,1,1,1,1,1,1,1,1,1,1,1,1,1,1,1,1,1,1,1,0,[0|0|0],-1,-1,-1,-1,-1,-1,[0|0|0|0|0|0|0|0]
133,Ash of War: Storm Blade,1,0,[0|0|0],0,0,255,-1,-1,-1,0,210,0,0,0,999999,-1,-1,1,1,1,1,1,1,1,1,1,1,1,0,0,0,0,0,1,0,0,0,0,0,0,0,0,1,0,1,0,2,1,0,0,[0|0],1,1,1,1,1,1,1,1,1,1,1,1,1,1,1,1,0,1,1,1,1,1,1,1,1,1,1,1,1,1,1,1,1,1,1,1,0,[0|0|0],-1,-1,-1,-1,-1,-1,[0|0|0|0|0|0|0|0]
134,Ash of War: Phantom Slash,1,0,[0|0|0],0,0,255,-1,-1,-1,0,225,0,0,0,999999,-1,-1,1,1,1,1,1,1,1,1,1,1,1,0,0,0,0,0,1,0,0,0,0,0,0,0,0,1,0,1,0,2,1,0,0,[0|0],1,1,1,1,1,1,1,1,1,1,1,1,1,1,1,1,0,1,1,1,1,1,1,1,1,1,1,1,1,1,1,1,1,1,1,1,0,[0|0|0],-1,-1,-1,-1,-1,-1,[0|0|0|0|0|0|0|0]
135,Ash of War: Earthshaker,1,0,[0|0|0],0,0,255,-1,-1,-1,0,212,0,0,0,999999,-1,-1,1,1,1,1,1,1,1,1,1,1,1,0,0,0,0,0,1,0,0,0,0,0,0,0,0,1,0,1,0,2,1,0,0,[0|0],1,1,1,1,1,1,1,1,1,1,1,1,1,1,1,1,0,1,1,1,1,1,1,1,1,1,1,1,1,1,1,1,1,1,1,1,0,[0|0|0],-1,-1,-1,-1,-1,-1,[0|0|0|0|0|0|0|0]
136,Ash of War: Golden Land,1,0,[0|0|0],0,0,255,-1,-1,-1,0,213,0,0,0,999999,-1,-1,1,1,1,1,1,1,1,1,1,1,1,0,0,0,0,0,1,0,0,0,0,0,0,0,0,1,0,1,0,2,1,0,0,[0|0],1,1,1,1,1,1,1,1,1,1,1,1,1,1,1,1,0,1,1,1,1,1,1,1,1,1,1,1,1,1,1,1,1,1,1,1,0,[0|0|0],-1,-1,-1,-1,-1,-1,[0|0|0|0|0|0|0|0]
137,Ash of War: Flaming Strike,1,0,[0|0|0],0,0,255,-1,-1,-1,0,214,0,0,0,999999,-1,-1,1,1,1,1,1,1,1,1,1,1,1,0,0,0,0,0,1,0,0,0,0,0,0,0,0,1,0,1,0,2,1,0,0,[0|0],1,1,1,1,1,1,1,1,1,1,1,1,1,1,1,1,0,1,1,1,1,1,1,1,1,1,1,1,1,1,1,1,1,1,1,1,0,[0|0|0],-1,-1,-1,-1,-1,-1,[0|0|0|0|0|0|0|0]
138,Ash of War: Thunderbolt,1,0,[0|0|0],0,0,255,-1,-1,-1,0,216,0,0,0,999999,-1,-1,1,1,1,1,1,1,1,1,1,1,1,0,0,0,0,0,1,0,0,0,0,0,0,0,0,1,0,1,0,2,1,0,0,[0|0],1,1,1,1,1,1,1,1,1,1,1,1,1,1,1,1,0,1,1,1,1,1,1,1,1,1,1,1,1,1,1,1,1,1,1,1,0,[0|0|0],-1,-1,-1,-1,-1,-1,[0|0|0|0|0|0|0|0]
139,Ash of War: Lightning Slash,1,0,[0|0|0],0,0,255,-1,-1,-1,0,217,0,0,0,999999,-1,-1,1,1,1,1,1,1,1,1,1,1,1,0,0,0,0,0,1,0,0,0,0,0,0,0,0,1,0,1,0,2,1,0,0,[0|0],1,1,1,1,1,1,1,1,1,1,1,1,1,1,1,1,0,1,1,1,1,1,1,1,1,1,1,1,1,1,1,1,1,1,1,1,0,[0|0|0],-1,-1,-1,-1,-1,-1,[0|0|0|0|0|0|0|0]
140,Ash of War: Carian Grandeur,1,0,[0|0|0],0,0,255,-1,-1,-1,0,218,0,0,0,999999,-1,-1,1,1,1,1,1,1,1,1,1,1,1,0,0,0,0,0,1,0,0,0,0,0,0,0,0,1,0,1,0,2,1,0,0,[0|0],1,1,1,1,1,1,1,1,1,1,1,1,1,1,1,1,0,1,1,1,1,1,1,1,1,1,1,1,1,1,1,1,1,1,1,1,0,[0|0|0],-1,-1,-1,-1,-1,-1,[0|0|0|0|0|0|0|0]
141,Ash of War: Carian Greatsword,1,0,[0|0|0],0,0,255,-1,-1,-1,0,219,0,0,0,999999,-1,-1,1,1,1,1,1,1,1,1,1,1,1,0,0,0,0,0,1,0,0,0,0,0,0,0,0,1,0,1,0,2,1,0,0,[0|0],1,1,1,1,1,1,1,1,1,1,1,1,1,1,1,1,0,1,1,1,1,1,1,1,1,1,1,1,1,1,1,1,1,1,1,1,0,[0|0|0],-1,-1,-1,-1,-1,-1,[0|0|0|0|0|0|0|0]
142,Ash of War: Vacuum Slice,1,0,[0|0|0],0,0,255,-1,-1,-1,0,220,0,0,0,999999,-1,-1,1,1,1,1,1,1,1,1,1,1,1,0,0,0,0,0,1,0,0,0,0,0,0,0,0,1,0,1,0,2,1,0,0,[0|0],1,1,1,1,1,1,1,1,1,1,1,1,1,1,1,1,0,1,1,1,1,1,1,1,1,1,1,1,1,1,1,1,1,1,1,1,0,[0|0|0],-1,-1,-1,-1,-1,-1,[0|0|0|0|0|0|0|0]
143,Ash of War: Black Flame Tornado,1,0,[0|0|0],0,0,255,-1,-1,-1,0,221,0,0,0,999999,-1,-1,1,1,1,1,1,1,1,1,1,1,1,0,0,0,0,0,1,0,0,0,0,0,0,0,0,1,0,1,0,2,1,0,0,[0|0],1,1,1,1,1,1,1,1,1,1,1,1,1,1,1,1,0,1,1,1,1,1,1,1,1,1,1,1,1,1,1,1,1,1,1,1,0,[0|0|0],-1,-1,-1,-1,-1,-1,[0|0|0|0|0|0|0|0]
144,Ash of War: Sacred Ring of Light,1,0,[0|0|0],0,0,255,-1,-1,-1,0,222,0,0,0,999999,-1,-1,1,1,1,1,1,1,1,1,1,1,1,0,0,0,0,0,1,0,0,0,0,0,0,0,0,1,0,1,0,2,1,0,0,[0|0],1,1,1,1,1,1,1,1,1,1,1,1,1,1,1,1,0,1,1,1,1,1,1,1,1,1,1,1,1,1,1,1,1,1,1,1,0,[0|0|0],-1,-1,-1,-1,-1,-1,[0|0|0|0|0|0|0|0]
146,Ash of War: Shield Bash,1,0,[0|0|0],0,0,255,-1,-1,-1,0,300,0,0,0,999999,-1,-1,1,1,1,1,1,1,1,1,1,1,1,0,0,0,0,0,1,0,0,0,0,0,0,0,0,1,0,1,0,2,1,0,0,[0|0],1,1,1,1,1,1,1,1,1,1,1,1,1,1,1,1,0,1,1,1,1,1,1,1,1,1,1,1,1,1,1,1,1,1,1,1,0,[0|0|0],-1,-1,-1,-1,-1,-1,[0|0|0|0|0|0|0|0]
147,Ash of War: Barricade Shield,1,0,[0|0|0],0,0,255,-1,-1,-1,0,301,0,0,0,999999,-1,-1,1,1,1,1,1,1,1,1,1,1,1,0,0,0,0,0,1,0,0,0,0,0,0,0,0,1,0,1,0,2,1,0,0,[0|0],1,1,1,1,1,1,1,1,1,1,1,1,1,1,1,1,0,1,1,1,1,1,1,1,1,1,1,1,1,1,1,1,1,1,1,1,0,[0|0|0],-1,-1,-1,-1,-1,-1,[0|0|0|0|0|0|0|0]
148,Ash of War: Parry,1,0,[0|0|0],0,0,255,-1,-1,-1,0,302,0,0,0,999999,-1,-1,1,1,1,1,1,1,1,1,1,1,1,0,0,0,0,0,1,0,0,0,0,0,0,0,0,1,0,1,0,2,1,0,0,[0|0],1,1,1,1,1,1,1,1,1,1,1,1,1,1,1,1,0,1,1,1,1,1,1,1,1,1,1,1,1,1,1,1,1,1,1,1,0,[0|0|0],-1,-1,-1,-1,-1,-1,[0|0|0|0|0|0|0|0]
149,Ash of War: Buckler Parry,1,0,[0|0|0],0,0,255,-1,-1,-1,0,303,0,0,0,999999,-1,-1,1,1,1,1,1,1,1,1,1,1,1,0,0,0,0,0,1,0,0,0,0,0,0,0,0,1,0,1,0,2,1,0,0,[0|0],1,1,1,1,1,1,1,1,1,1,1,1,1,1,1,1,0,1,1,1,1,1,1,1,1,1,1,1,1,1,1,1,1,1,1,1,0,[0|0|0],-1,-1,-1,-1,-1,-1,[0|0|0|0|0|0|0|0]
151,Ash of War: Carian Retaliation,1,0,[0|0|0],0,0,255,-1,-1,-1,0,305,0,0,0,999999,-1,-1,1,1,1,1,1,1,1,1,1,1,1,0,0,0,0,0,1,0,0,0,0,0,0,0,0,1,0,1,0,2,1,0,0,[0|0],1,1,1,1,1,1,1,1,1,1,1,1,1,1,1,1,0,1,1,1,1,1,1,1,1,1,1,1,1,1,1,1,1,1,1,1,0,[0|0|0],-1,-1,-1,-1,-1,-1,[0|0|0|0|0|0|0|0]
152,Ash of War: Storm Wall,1,0,[0|0|0],0,0,255,-1,-1,-1,0,306,0,0,0,999999,-1,-1,1,1,1,1,1,1,1,1,1,1,1,0,0,0,0,0,1,0,0,0,0,0,0,0,0,1,0,1,0,2,1,0,0,[0|0],1,1,1,1,1,1,1,1,1,1,1,1,1,1,1,1,0,1,1,1,1,1,1,1,1,1,1,1,1,1,1,1,1,1,1,1,0,[0|0|0],-1,-1,-1,-1,-1,-1,[0|0|0|0|0|0|0|0]
153,Ash of War: Golden Parry,1,0,[0|0|0],0,0,255,-1,-1,-1,0,307,0,0,0,999999,-1,-1,1,1,1,1,1,1,1,1,1,1,1,0,0,0,0,0,1,0,0,0,0,0,0,0,0,1,0,1,0,2,1,0,0,[0|0],1,1,1,1,1,1,1,1,1,1,1,1,1,1,1,1,0,1,1,1,1,1,1,1,1,1,1,1,1,1,1,1,1,1,1,1,0,[0|0|0],-1,-1,-1,-1,-1,-1,[0|0|0|0|0|0|0|0]
154,Ash of War: Shield Crash,1,0,[0|0|0],0,0,255,-1,-1,-1,0,308,0,0,0,999999,-1,-1,1,1,1,1,1,1,1,1,1,1,1,0,0,0,0,0,1,0,0,0,0,0,0,0,0,1,0,1,0,2,1,0,0,[0|0],1,1,1,1,1,1,1,1,1,1,1,1,1,1,1,1,0,1,1,1,1,1,1,1,1,1,1,1,1,1,1,1,1,1,1,1,0,[0|0|0],-1,-1,-1,-1,-1,-1,[0|0|0|0|0|0|0|0]
155,Ash of War: Through and Through,1,0,[0|0|0],0,0,255,-1,-1,-1,0,400,0,0,0,999999,-1,-1,1,1,1,1,1,1,1,1,1,1,1,0,0,0,0,0,1,0,0,0,0,0,0,0,0,1,0,1,0,2,1,0,0,[0|0],1,1,1,1,1,1,1,1,1,1,1,1,1,1,1,1,0,1,1,1,1,1,1,1,1,1,1,1,1,1,1,1,1,1,1,1,0,[0|0|0],-1,-1,-1,-1,-1,-1,[0|0|0|0|0|0|0|0]
156,Ash of War: Barrage,1,0,[0|0|0],0,0,255,-1,-1,-1,0,401,0,0,0,999999,-1,-1,1,1,1,1,1,1,1,1,1,1,1,0,0,0,0,0,1,0,0,0,0,0,0,0,0,1,0,1,0,2,1,0,0,[0|0],1,1,1,1,1,1,1,1,1,1,1,1,1,1,1,1,0,1,1,1,1,1,1,1,1,1,1,1,1,1,1,1,1,1,1,1,0,[0|0|0],-1,-1,-1,-1,-1,-1,[0|0|0|0|0|0|0|0]
157,Ash of War: Mighty Shot,1,0,[0|0|0],0,0,255,-1,-1,-1,0,402,0,0,0,999999,-1,-1,1,1,1,1,1,1,1,1,1,1,1,0,0,0,0,0,1,0,0,0,0,0,0,0,0,1,0,1,0,2,1,0,0,[0|0],1,1,1,1,1,1,1,1,1,1,1,1,1,1,1,1,0,1,1,1,1,1,1,1,1,1,1,1,1,1,1,1,1,1,1,1,0,[0|0|0],-1,-1,-1,-1,-1,-1,[0|0|0|0|0|0|0|0]
158,Ash of War: Enchanted Shot,1,0,[0|0|0],0,0,255,-1,-1,-1,0,404,0,0,0,999999,-1,-1,1,1,1,1,1,1,1,1,1,1,1,0,0,0,0,0,1,0,0,0,0,0,0,0,0,1,0,1,0,2,1,0,0,[0|0],1,1,1,1,1,1,1,1,1,1,1,1,1,1,1,1,0,1,1,1,1,1,1,1,1,1,1,1,1,1,1,1,1,1,1,1,0,[0|0|0],-1,-1,-1,-1,-1,-1,[0|0|0|0|0|0|0|0]
159,Ash of War: Sky Shot,1,0,[0|0|0],0,0,255,-1,-1,-1,0,405,0,0,0,999999,-1,-1,1,1,1,1,1,1,1,1,1,1,1,0,0,0,0,0,1,0,0,0,0,0,0,0,0,1,0,1,0,2,1,0,0,[0|0],1,1,1,1,1,1,1,1,1,1,1,1,1,1,1,1,0,1,1,1,1,1,1,1,1,1,1,1,1,1,1,1,1,1,1,1,0,[0|0|0],-1,-1,-1,-1,-1,-1,[0|0|0|0|0|0|0|0]
160,Ash of War: Rain of Arrows,1,0,[0|0|0],0,0,255,-1,-1,-1,0,406,0,0,0,999999,-1,-1,1,1,1,1,1,1,1,1,1,1,1,0,0,0,0,0,1,0,0,0,0,0,0,0,0,1,0,1,0,2,1,0,0,[0|0],1,1,1,1,1,1,1,1,1,1,1,1,1,1,1,1,0,1,1,1,1,1,1,1,1,1,1,1,1,1,1,1,1,1,1,1,0,[0|0|0],-1,-1,-1,-1,-1,-1,[0|0|0|0|0|0|0|0]
161,Ash of War:,1,0,[0|0|0],0,0,255,-1,-1,-1,0,407,0,0,0,999999,-1,-1,1,1,1,1,1,1,1,1,1,1,1,0,0,0,0,0,1,0,0,0,0,0,0,0,0,1,0,1,0,2,1,0,0,[0|0],1,1,1,1,1,1,1,1,1,1,1,1,1,1,1,1,0,1,1,1,1,1,1,1,1,1,1,1,1,1,1,1,1,1,1,1,0,[0|0|0],-1,-1,-1,-1,-1,-1,[0|0|0|0|0|0|0|0]
163,Ash of War:,1,0,[0|0|0],0,0,255,-1,-1,-1,0,-1,0,0,0,999999,-1,-1,1,1,1,1,1,1,1,1,1,1,1,0,0,0,0,0,1,0,0,0,0,0,0,0,0,1,0,1,0,2,1,0,0,[0|0],1,1,1,1,1,1,1,1,1,1,1,1,1,1,1,1,0,1,1,1,1,1,1,1,1,1,1,1,1,1,1,1,1,1,1,1,0,[0|0|0],-1,-1,-1,-1,-1,-1,[0|0|0|0|0|0|0|0]
164,Ash of War: Hoarfrost Stomp,1,0,[0|0|0],0,0,255,-1,-1,-1,0,501,0,0,0,999999,-1,-1,1,1,1,1,1,1,1,1,1,1,1,0,0,0,0,0,1,0,0,0,0,0,0,0,0,1,0,1,0,2,1,0,0,[0|0],1,1,1,1,1,1,1,1,1,1,1,1,1,1,1,1,0,1,1,1,1,1,1,1,1,1,1,1,1,1,1,1,1,1,1,1,0,[0|0|0],-1,-1,-1,-1,-1,-1,[0|0|0|0|0|0|0|0]
165,Ash of War: Storm Stomp,1,0,[0|0|0],0,0,255,-1,-1,-1,0,502,0,0,0,999999,-1,-1,1,1,1,1,1,1,1,1,1,1,1,0,0,0,0,0,1,0,0,0,0,0,0,0,0,1,0,1,0,2,1,0,0,[0|0],1,1,1,1,1,1,1,1,1,1,1,1,1,1,1,1,0,1,1,1,1,1,1,1,1,1,1,1,1,1,1,1,1,1,1,1,0,[0|0|0],-1,-1,-1,-1,-1,-1,[0|0|0|0|0|0|0|0]
166,Ash of War: Kick,1,0,[0|0|0],0,0,255,-1,-1,-1,0,503,0,0,0,999999,-1,-1,1,1,1,1,1,1,1,1,1,1,1,0,0,0,0,0,1,0,0,0,0,0,0,0,0,1,0,1,0,2,1,0,0,[0|0],1,1,1,1,1,1,1,1,1,1,1,1,1,1,1,1,0,1,1,1,1,1,1,1,1,1,1,1,1,1,1,1,1,1,1,1,0,[0|0|0],-1,-1,-1,-1,-1,-1,[0|0|0|0|0|0|0|0]
167,Ash of War: Lightning Ram,1,0,[0|0|0],0,0,255,-1,-1,-1,0,504,0,0,0,999999,-1,-1,1,1,1,1,1,1,1,1,1,1,1,0,0,0,0,0,1,0,0,0,0,0,0,0,0,1,0,1,0,2,1,0,0,[0|0],1,1,1,1,1,1,1,1,1,1,1,1,1,1,1,1,0,1,1,1,1,1,1,1,1,1,1,1,1,1,1,1,1,1,1,1,0,[0|0|0],-1,-1,-1,-1,-1,-1,[0|0|0|0|0|0|0|0]
168,Ash of War: Flame of the Redmanes,1,0,[0|0|0],0,0,255,-1,-1,-1,0,505,0,0,0,999999,-1,-1,1,1,1,1,1,1,1,1,1,1,1,0,0,0,0,0,1,0,0,0,0,0,0,0,0,1,0,1,0,2,1,0,0,[0|0],1,1,1,1,1,1,1,1,1,1,1,1,1,1,1,1,0,1,1,1,1,1,1,1,1,1,1,1,1,1,1,1,1,1,1,1,0,[0|0|0],-1,-1,-1,-1,-1,-1,[0|0|0|0|0|0|0|0]
169,Ash of War: Ground Slam,1,0,[0|0|0],0,0,255,-1,-1,-1,0,506,0,0,0,999999,-1,-1,1,1,1,1,1,1,1,1,1,1,1,0,0,0,0,0,1,0,0,0,0,0,0,0,0,1,0,1,0,2,1,0,0,[0|0],1,1,1,1,1,1,1,1,1,1,1,1,1,1,1,1,0,1,1,1,1,1,1,1,1,1,1,1,1,1,1,1,1,1,1,1,0,[0|0|0],-1,-1,-1,-1,-1,-1,[0|0|0|0|0|0|0|0]
170,Ash of War: Golden Slam,1,0,[0|0|0],0,0,255,-1,-1,-1,0,507,0,0,0,999999,-1,-1,1,1,1,1,1,1,1,1,1,1,1,0,0,0,0,0,1,0,0,0,0,0,0,0,0,1,0,1,0,2,1,0,0,[0|0],1,1,1,1,1,1,1,1,1,1,1,1,1,1,1,1,0,1,1,1,1,1,1,1,1,1,1,1,1,1,1,1,1,1,1,1,0,[0|0|0],-1,-1,-1,-1,-1,-1,[0|0|0|0|0|0|0|0]
171,Ash of War: Waves of Darkness,1,0,[0|0|0],0,0,255,-1,-1,-1,0,508,0,0,0,999999,-1,-1,1,1,1,1,1,1,1,1,1,1,1,0,0,0,0,0,1,0,0,0,0,0,0,0,0,1,0,1,0,2,1,0,0,[0|0],1,1,1,1,1,1,1,1,1,1,1,1,1,1,1,1,0,1,1,1,1,1,1,1,1,1,1,1,1,1,1,1,1,1,1,1,0,[0|0|0],-1,-1,-1,-1,-1,-1,[0|0|0|0|0|0|0|0]
173,Ash of War: Determination,1,0,[0|0|0],0,0,255,-1,-1,-1,0,600,0,0,0,999999,-1,-1,1,1,1,1,1,1,1,1,1,1,1,0,0,0,0,0,1,0,0,0,0,0,0,0,0,1,0,1,0,2,1,0,0,[0|0],1,1,1,1,1,1,1,1,1,1,1,1,1,1,1,1,0,1,1,1,1,1,1,1,1,1,1,1,1,1,1,1,1,1,1,1,0,[0|0|0],-1,-1,-1,-1,-1,-1,[0|0|0|0|0|0|0|0]
174,Ash of War: Assassin's Gambit,1,0,[0|0|0],0,0,255,-1,-1,-1,0,602,0,0,0,999999,-1,-1,1,1,1,1,1,1,1,1,1,1,1,0,0,0,0,0,1,0,0,0,0,0,0,0,0,1,0,1,0,2,1,0,0,[0|0],1,1,1,1,1,1,1,1,1,1,1,1,1,1,1,1,0,1,1,1,1,1,1,1,1,1,1,1,1,1,1,1,1,1,1,1,0,[0|0|0],-1,-1,-1,-1,-1,-1,[0|0|0|0|0|0|0|0]
175,Ash of War: Golden Vow,1,0,[0|0|0],0,0,255,-1,-1,-1,0,603,0,0,0,999999,-1,-1,1,1,1,1,1,1,1,1,1,1,1,0,0,0,0,0,1,0,0,0,0,0,0,0,0,1,0,1,0,2,1,0,0,[0|0],1,1,1,1,1,1,1,1,1,1,1,1,1,1,1,1,0,1,1,1,1,1,1,1,1,1,1,1,1,1,1,1,1,1,1,1,0,[0|0|0],-1,-1,-1,-1,-1,-1,[0|0|0|0|0|0|0|0]
176,Ash of War: Sacred Order,1,0,[0|0|0],0,0,255,-1,-1,-1,0,604,0,0,0,999999,-1,-1,1,1,1,1,1,1,1,1,1,1,1,0,0,0,0,0,1,0,0,0,0,0,0,0,0,1,0,1,0,2,1,0,0,[0|0],1,1,1,1,1,1,1,1,1,1,1,1,1,1,1,1,0,1,1,1,1,1,1,1,1,1,1,1,1,1,1,1,1,1,1,1,0,[0|0|0],-1,-1,-1,-1,-1,-1,[0|0|0|0|0|0|0|0]
177,Ash of War: Seppuku,1,0,[0|0|0],0,0,255,-1,-1,-1,0,606,0,0,0,999999,-1,-1,1,1,1,1,1,1,1,1,1,1,1,0,0,0,0,0,1,0,0,0,0,0,0,0,0,1,0,1,0,2,1,0,0,[0|0],1,1,1,1,1,1,1,1,1,1,1,1,1,1,1,1,0,1,1,1,1,1,1,1,1,1,1,1,1,1,1,1,1,1,1,1,0,[0|0|0],-1,-1,-1,-1,-1,-1,[0|0|0|0|0|0|0|0]
178,Ash of War: Cragblade,1,0,[0|0|0],0,0,255,-1,-1,-1,0,607,0,0,0,999999,-1,-1,1,1,1,1,1,1,1,1,1,1,1,0,0,0,0,0,1,0,0,0,0,0,0,0,0,1,0,1,0,2,1,0,0,[0|0],1,1,1,1,1,1,1,1,1,1,1,1,1,1,1,1,0,1,1,1,1,1,1,1,1,1,1,1,1,1,1,1,1,1,1,1,0,[0|0|0],-1,-1,-1,-1,-1,-1,[0|0|0|0|0|0|0|0]
179,Ash of War: Shared Order,1,0,[0|0|0],0,0,255,-1,-1,-1,0,605,0,0,0,999999,-1,-1,1,1,1,1,1,1,1,1,1,1,1,0,0,0,0,0,1,0,0,0,0,0,0,0,0,1,0,1,0,2,1,0,0,[0|0],1,1,1,1,1,1,1,1,1,1,1,1,1,1,1,1,0,1,1,1,1,1,1,1,1,1,1,1,1,1,1,1,1,1,1,1,0,[0|0|0],-1,-1,-1,-1,-1,-1,[0|0|0|0|0|0|0|0]
180,Ash of War: Barbaric Roar,1,0,[0|0|0],0,0,255,-1,-1,-1,0,650,0,0,0,999999,-1,-1,1,1,1,1,1,1,1,1,1,1,1,0,0,0,0,0,1,0,0,0,0,0,0,0,0,1,0,1,0,2,1,0,0,[0|0],1,1,1,1,1,1,1,1,1,1,1,1,1,1,1,1,0,1,1,1,1,1,1,1,1,1,1,1,1,1,1,1,1,1,1,1,0,[0|0|0],-1,-1,-1,-1,-1,-1,[0|0|0|0|0|0|0|0]
181,Ash of War: Beast's Roar,1,0,[0|0|0],0,0,255,-1,-1,-1,0,652,0,0,0,999999,-1,-1,1,1,1,1,1,1,1,1,1,1,1,0,0,0,0,0,1,0,0,0,0,0,0,0,0,1,0,1,0,2,1,0,0,[0|0],1,1,1,1,1,1,1,1,1,1,1,1,1,1,1,1,0,1,1,1,1,1,1,1,1,1,1,1,1,1,1,1,1,1,1,1,0,[0|0|0],-1,-1,-1,-1,-1,-1,[0|0|0|0|0|0|0|0]
182,Ash of War:,1,0,[0|0|0],0,0,255,-1,-1,-1,0,-1,0,0,0,999999,-1,-1,1,1,1,1,1,1,1,1,1,1,1,0,0,0,0,0,1,0,0,0,0,0,0,0,0,1,0,1,0,2,1,0,0,[0|0],1,1,1,1,1,1,1,1,1,1,1,1,1,1,1,1,0,1,1,1,1,1,1,1,1,1,1,1,1,1,1,1,1,1,1,1,0,[0|0|0],-1,-1,-1,-1,-1,-1,[0|0|0|0|0|0|0|0]
183,Ash of War: Braggart's Roar,1,0,[0|0|0],0,0,255,-1,-1,-1,0,654,0,0,0,999999,-1,-1,1,1,1,1,1,1,1,1,1,1,1,0,0,0,0,0,1,0,0,0,0,0,0,0,0,1,0,1,0,2,1,0,0,[0|0],1,1,1,1,1,1,1,1,1,1,1,1,1,1,1,1,0,1,1,1,1,1,1,1,1,1,1,1,1,1,1,1,1,1,1,1,0,[0|0|0],-1,-1,-1,-1,-1,-1,[0|0|0|0|0|0|0|0]
184,Ash of War: Troll's Roar,1,0,[0|0|0],0,0,255,-1,-1,-1,0,653,0,0,0,999999,-1,-1,1,1,1,1,1,1,1,1,1,1,1,0,0,0,0,0,1,0,0,0,0,0,0,0,0,1,0,1,0,2,1,0,0,[0|0],1,1,1,1,1,1,1,1,1,1,1,1,1,1,1,1,0,1,1,1,1,1,1,1,1,1,1,1,1,1,1,1,1,1,1,1,0,[0|0|0],-1,-1,-1,-1,-1,-1,[0|0|0|0|0|0|0|0]
185,Ash of War: Endure,1,0,[0|0|0],0,0,255,-1,-1,-1,0,700,0,0,0,999999,-1,-1,1,1,1,1,1,1,1,1,1,1,1,0,0,0,0,0,1,0,0,0,0,0,0,0,0,1,0,1,0,2,1,0,0,[0|0],1,1,1,1,1,1,1,1,1,1,1,1,1,1,1,1,0,1,1,1,1,1,1,1,1,1,1,1,1,1,1,1,1,1,1,1,0,[0|0|0],-1,-1,-1,-1,-1,-1,[0|0|0|0|0|0|0|0]
186,Ash of War: Vow of the Indomitable,1,0,[0|0|0],0,0,255,-1,-1,-1,0,701,0,0,0,999999,-1,-1,1,1,1,1,1,1,1,1,1,1,1,0,0,0,0,0,1,0,0,0,0,0,0,0,0,1,0,1,0,2,1,0,0,[0|0],1,1,1,1,1,1,1,1,1,1,1,1,1,1,1,1,0,1,1,1,1,1,1,1,1,1,1,1,1,1,1,1,1,1,1,1,0,[0|0|0],-1,-1,-1,-1,-1,-1,[0|0|0|0|0|0|0|0]
187,Ash of War: Holy Ground,1,0,[0|0|0],0,0,255,-1,-1,-1,0,702,0,0,0,999999,-1,-1,1,1,1,1,1,1,1,1,1,1,1,0,0,0,0,0,1,0,0,0,0,0,0,0,0,1,0,1,0,2,1,0,0,[0|0],1,1,1,1,1,1,1,1,1,1,1,1,1,1,1,1,0,1,1,1,1,1,1,1,1,1,1,1,1,1,1,1,1,1,1,1,0,[0|0|0],-1,-1,-1,-1,-1,-1,[0|0|0|0|0|0|0|0]
190,Ash of War: Quickstep,1,0,[0|0|0],0,0,255,-1,-1,-1,0,800,0,0,0,999999,-1,-1,1,1,1,1,1,1,1,1,1,1,1,0,0,0,0,0,1,0,0,0,0,0,0,0,0,1,0,1,0,2,1,0,0,[0|0],1,1,1,1,1,1,1,1,1,1,1,1,1,1,1,1,0,1,1,1,1,1,1,1,1,1,1,1,1,1,1,1,1,1,1,1,0,[0|0|0],-1,-1,-1,-1,-1,-1,[0|0|0|0|0|0|0|0]
191,Ash of War: Bloodhound's Step,1,0,[0|0|0],0,0,255,-1,-1,-1,0,801,0,0,0,999999,-1,-1,1,1,1,1,1,1,1,1,1,1,1,0,0,0,0,0,1,0,0,0,0,0,0,0,0,1,0,1,0,2,1,0,0,[0|0],1,1,1,1,1,1,1,1,1,1,1,1,1,1,1,1,0,1,1,1,1,1,1,1,1,1,1,1,1,1,1,1,1,1,1,1,0,[0|0|0],-1,-1,-1,-1,-1,-1,[0|0|0|0|0|0|0|0]
192,Ash of War: Raptor of the Mists,1,0,[0|0|0],0,0,255,-1,-1,-1,0,802,0,0,0,999999,-1,-1,1,1,1,1,1,1,1,1,1,1,1,0,0,0,0,0,1,0,0,0,0,0,0,0,0,1,0,1,0,2,1,0,0,[0|0],1,1,1,1,1,1,1,1,1,1,1,1,1,1,1,1,0,1,1,1,1,1,1,1,1,1,1,1,1,1,1,1,1,1,1,1,0,[0|0|0],-1,-1,-1,-1,-1,-1,[0|0|0|0|0|0|0|0]
194,Ash of War: White Shadow's Lure,1,0,[0|0|0],0,0,255,-1,-1,-1,0,850,0,0,0,999999,-1,-1,1,1,1,1,1,1,1,1,1,1,1,0,0,0,0,0,1,0,0,0,0,0,0,0,0,1,0,1,0,2,1,0,0,[0|0],1,1,1,1,1,1,1,1,1,1,1,1,1,1,1,1,0,1,1,1,1,1,1,1,1,1,1,1,1,1,1,1,1,1,1,1,0,[0|0|0],-1,-1,-1,-1,-1,-1,[0|0|0|0|0|0|0|0]
195,Ash of War: Sword Dance,1,0,[0|0|0],0,0,255,-1,-1,-1,0,124,0,0,0,999999,-1,-1,1,1,1,1,1,1,1,1,1,1,1,0,0,0,0,0,1,0,0,0,0,0,0,0,0,1,0,1,0,2,1,0,0,[0|0],1,1,1,1,1,1,1,1,1,1,1,1,1,1,1,1,0,1,1,1,1,1,1,1,1,1,1,1,1,1,1,1,1,1,1,1,0,[0|0|0],-1,-1,-1,-1,-1,-1,[0|0|0|0|0|0|0|0]
196,Ash of War: Firebreather,1,0,[0|0|0],0,0,255,-1,-1,-1,0,223,0,0,0,999999,-1,-1,1,1,1,1,1,1,1,1,1,1,1,0,0,0,0,0,1,0,0,0,0,0,0,0,0,1,0,1,0,2,1,0,0,[0|0],1,1,1,1,1,1,1,1,1,1,1,1,1,1,1,1,0,1,1,1,1,1,1,1,1,1,1,1,1,1,1,1,1,1,1,1,0,[0|0|0],-1,-1,-1,-1,-1,-1,[0|0|0|0|0|0|0|0]
197,Ash of War: Blood Blade,1,0,[0|0|0],0,0,255,-1,-1,-1,0,224,0,0,0,999999,-1,-1,1,1,1,1,1,1,1,1,1,1,1,0,0,0,0,0,1,0,0,0,0,0,0,0,0,1,0,1,0,2,1,0,0,[0|0],1,1,1,1,1,1,1,1,1,1,1,1,1,1,1,1,0,1,1,1,1,1,1,1,1,1,1,1,1,1,1,1,1,1,1,1,0,[0|0|0],-1,-1,-1,-1,-1,-1,[0|0|0|0|0|0|0|0]
198,Ash of War: Thops's Barrier,1,0,[0|0|0],0,0,255,-1,-1,-1,0,309,0,0,0,999999,-1,-1,1,1,1,1,1,1,1,1,1,1,1,0,0,0,0,0,1,0,0,0,0,0,0,0,0,1,0,1,0,2,1,0,0,[0|0],1,1,1,1,1,1,1,1,1,1,1,1,1,1,1,1,0,1,1,1,1,1,1,1,1,1,1,1,1,1,1,1,1,1,1,1,0,[0|0|0],-1,-1,-1,-1,-1,-1,[0|0|0|0|0|0|0|0]
1000,Ash of War: Lion's Claw,1,0,[0|0|0],21000,0,255,2300,-1,-1,710600,100,0,0,0,999999,-1,-1,1,1,1,1,1,1,1,1,1,1,1,1,1,0,0,0,1,0,0,0,0,0,0,0,0,1,0,1,0,2,1,0,1,[0|0],0,1,1,1,1,1,1,0,0,0,1,1,1,1,1,0,0,0,0,0,0,0,0,1,0,0,0,0,0,0,0,0,0,0,0,0,0,[0|0|0],2300,-1,-1,-1,-1,-1,[0|0|0|0|0|0|0|0]
1001,Ash of War: Impaling Thrust,1,0,[0|0|0],21000,0,255,-1,-1,-1,0,101,0,0,0,999999,-1,-1,1,1,1,1,1,1,1,1,1,1,1,1,1,0,0,0,1,0,0,0,0,0,0,0,0,1,0,1,0,2,1,0,2,[0|0],1,1,1,0,0,0,1,1,1,1,0,0,0,0,0,1,0,1,1,0,0,0,0,0,0,0,0,0,0,0,0,0,0,0,0,0,0,[0|0|0],-1,-1,-1,-1,-1,-1,[0|0|0|0|0|0|0|0]
1002,Ash of War: Spinning Slash,1,0,[0|0|0],21000,0,255,-1,-1,-1,0,103,0,0,0,999999,-1,-1,1,1,1,1,1,1,1,1,1,1,1,1,1,0,0,0,1,0,0,0,0,0,0,0,0,1,0,1,0,2,1,0,2,[0|0],1,1,1,1,1,1,1,1,0,0,1,1,1,1,1,0,0,0,0,0,1,1,0,1,0,0,0,0,0,0,0,0,0,0,0,0,0,[0|0|0],-1,-1,-1,-1,-1,-1,[0|0|0|0|0|0|0|0]
1003,Ash of War:,1,0,[0|0|0],21000,0,255,-1,-1,-1,0,104,0,0,0,999999,-1,-1,1,1,1,1,1,1,1,1,1,1,1,0,0,0,0,0,1,0,0,0,0,0,0,0,0,1,0,1,0,2,1,0,0,[0|0],0,0,0,0,0,0,0,0,0,0,0,0,0,0,0,1,0,1,1,1,0,0,0,0,0,0,0,0,0,0,0,0,0,0,0,0,0,[0|0|0],-1,-1,-1,-1,-1,-1,[0|0|0|0|0|0|0|0]
1004,Ash of War: Glintblade Phalanx,1,0,[0|0|0],21001,0,255,2810,-1,-1,710600,200,0,0,0,999999,-1,-1,1,1,1,1,0,0,0,1,0,1,0,0,1,0,0,0,1,0,0,0,0,0,0,0,0,1,0,1,0,2,1,0,8,[0|0],1,1,1,1,1,1,1,1,1,1,1,1,1,1,1,1,0,1,1,1,1,1,1,1,0,0,0,0,0,0,0,0,0,0,0,0,0,[0|0|0],2810,-1,-1,-1,-1,-1,[0|0|0|0|0|0|0|0]
1005,Ash of War:,1,0,[0|0|0],0,0,255,-1,-1,-1,0,-1,0,0,0,999999,-1,-1,0,0,0,0,0,0,0,0,0,0,1,0,0,0,0,0,1,0,0,0,0,0,0,0,0,1,0,1,0,2,1,0,0,[0|0],1,1,1,1,1,1,1,1,1,1,0,0,0,0,0,0,0,0,0,1,0,0,0,0,0,0,0,0,0,0,0,0,0,0,0,0,0,[0|0|0],-1,-1,-1,-1,-1,-1,[0|0|0|0|0|0|0|0]
1006,Ash of War: Eruption,1,0,[0|0|0],21042,0,255,2390,-1,-1,710600,207,0,0,0,999999,-1,-1,1,1,1,1,1,1,0,0,0,1,0,0,0,0,0,0,1,0,0,0,0,0,0,0,0,1,0,1,0,2,1,0,4,[0|0],0,1,1,1,1,1,1,1,0,1,1,1,1,1,1,1,0,1,1,1,0,0,0,1,0,0,0,0,0,0,0,0,0,0,0,0,0,[0|0|0],2390,-1,-1,-1,-1,-1,[0|0|0|0|0|0|0|0]
1007,Ash of War: Gravitas,1,0,[0|0|0],21011,0,255,2390,-1,-1,710600,209,0,0,0,999999,-1,-1,1,1,1,1,0,0,0,1,0,1,0,0,1,0,0,0,1,0,0,0,0,0,0,0,0,1,0,1,0,2,1,0,8,[0|0],0,1,1,1,1,1,1,1,1,1,1,1,1,1,1,1,0,1,1,1,0,0,0,1,0,0,0,0,0,0,0,0,0,0,0,0,0,[0|0|0],2390,-1,-1,-1,-1,-1,[0|0|0|0|0|0|0|0]
1008,Ash of War: Storm Blade,1,0,[0|0|0],21014,0,255,2330,-1,-1,710600,210,0,0,0,999999,-1,-1,1,1,1,1,1,1,1,1,1,1,1,1,1,0,0,0,1,0,0,0,0,0,0,0,0,1,0,1,0,2,1,0,3,[0|0],1,1,1,0,1,1,1,1,1,1,1,1,1,1,1,1,0,1,1,1,0,0,0,0,0,0,0,0,0,0,0,0,0,0,0,0,0,[0|0|0],2330,-1,-1,-1,-1,-1,[0|0|0|0|0|0|0|0]
1009,Ash of War: Earthshaker,1,0,[0|0|0],21050,0,255,2390,-1,-1,710600,212,0,0,0,999999,-1,-1,1,1,1,1,1,1,1,1,1,1,1,1,1,0,0,0,1,0,0,0,0,0,0,0,0,1,0,1,0,2,1,0,1,[0|0],0,0,1,1,0,1,0,0,0,0,1,1,1,1,1,0,0,1,1,1,0,0,0,1,0,0,0,0,0,0,0,0,0,0,0,0,0,[0|0|0],2390,-1,-1,-1,-1,-1,[0|0|0|0|0|0|0|0]
1010,Ash of War: Flaming Strike,1,0,[0|0|0],21050,0,255,-1,-1,-1,0,214,0,0,0,999999,-1,-1,1,1,1,1,1,1,0,0,0,1,0,0,0,0,0,0,1,0,0,0,0,0,0,0,0,1,0,1,0,2,1,0,4,[0|0],1,1,1,1,1,1,1,1,1,1,1,1,1,1,1,1,0,1,1,1,0,0,0,1,0,0,0,0,0,0,0,0,0,0,0,0,0,[0|0|0],-1,-1,-1,-1,-1,-1,[0|0|0|0|0|0|0|0]
1011,Ash of War: Thunderbolt,1,0,[0|0|0],21028,0,255,2280,-1,-1,710600,216,0,0,0,999999,-1,-1,1,1,1,1,0,0,1,0,0,1,0,0,0,0,0,0,1,0,0,0,0,0,0,0,0,1,0,1,0,2,1,0,6,[0|0],1,1,1,1,1,1,1,1,1,1,1,1,1,1,1,1,0,1,1,1,1,1,1,1,0,0,0,0,0,0,0,0,0,0,0,0,0,[0|0|0],2280,-1,-1,-1,-1,-1,[0|0|0|0|0|0|0|0]
1012,Ash of War: Carian Greatsword,1,0,[0|0|0],21033,0,255,2330,-1,-1,710600,219,0,0,0,999999,-1,-1,1,1,1,1,0,0,0,1,0,1,0,0,1,0,0,0,1,0,0,0,0,0,0,0,0,1,0,1,0,2,1,0,8,[0|0],1,1,1,0,1,0,1,1,1,1,1,1,1,1,1,1,0,1,1,1,1,1,1,1,0,0,0,0,0,0,0,0,0,0,0,0,0,[0|0|0],2330,-1,-1,-1,-1,-1,[0|0|0|0|0|0|0|0]
1013,Ash of War: Storm Stomp,1,0,[0|0|0],21042,0,255,2330,-1,-1,710600,502,0,0,0,999999,-1,-1,1,1,1,1,1,1,1,1,1,1,1,0,0,0,0,0,1,0,0,0,0,0,0,0,0,1,0,1,0,2,1,0,0,[0|0],1,1,1,1,1,1,1,1,1,1,1,1,1,1,1,1,0,1,1,1,1,1,1,1,0,0,0,0,0,0,0,0,0,0,0,0,0,[0|0|0],2330,-1,-1,-1,-1,-1,[0|0|0|0|0|0|0|0]
1014,Ash of War: Determination,1,0,[0|0|0],21017,0,255,2300,-1,-1,710600,600,0,0,0,999999,-1,-1,1,1,1,1,1,1,1,1,1,1,1,1,1,0,0,0,1,0,0,0,0,0,0,0,0,1,0,1,0,2,1,0,3,[0|0],1,1,1,1,1,1,1,1,1,1,1,1,1,1,1,1,0,1,1,1,1,1,1,1,0,0,0,0,0,0,0,0,0,0,0,0,0,[0|0|0],2300,-1,-1,-1,-1,-1,[0|0|0|0|0|0|0|0]
1015,Ash of War: Holy Ground,1,0,[0|0|0],21054,0,255,2760,-1,-1,710600,702,0,0,0,999999,-1,-1,1,1,1,1,0,0,0,0,0,1,0,0,0,0,0,0,1,0,0,0,0,0,0,0,0,1,0,1,0,2,1,0,7,[0|0],1,1,1,1,1,1,1,1,1,1,1,1,1,1,1,1,0,1,1,1,1,1,1,1,0,0,0,0,0,0,0,0,1,1,1,1,0,[0|0|0],2760,-1,-1,-1,-1,-1,[0|0|0|0|0|0|0|0]
1016,Ash of War: Quickstep,1,0,[0|0|0],21058,0,255,2280,-1,-1,710600,800,0,0,0,999999,-1,-1,1,1,1,1,1,1,1,1,1,1,1,1,1,0,0,0,1,0,0,0,0,0,0,0,0,1,0,1,0,2,1,0,2,[0|0],1,1,1,1,1,1,1,1,1,1,1,1,1,1,1,1,0,1,1,1,1,1,1,1,0,0,0,0,0,0,0,0,1,1,1,1,0,[0|0|0],2280,-1,-1,-1,-1,-1,[0|0|0|0|0|0|0|0]
1017,Ash of War: Raptor of the Mists,1,0,[0|0|0],0,0,255,-1,-1,-1,0,802,0,0,0,999999,-1,-1,1,1,1,1,1,1,1,1,1,1,1,1,1,0,0,0,1,0,0,0,0,0,0,0,0,1,0,1,0,2,1,0,9,[0|0],1,1,1,1,1,1,1,1,1,1,1,1,1,1,1,1,0,1,1,1,1,1,1,1,0,0,0,0,0,0,0,0,1,1,1,1,0,[0|0|0],-1,-1,-1,-1,-1,-1,[0|0|0|0|0|0|0|0]
10000,Ash of War: Lion's Claw,1,0,[0|0|0],8300,0,10,-1,-1,-1,710600,100,0,0,0,350030,-1,-1,1,1,1,1,1,1,1,1,1,1,1,1,1,0,0,0,1,0,0,0,0,0,0,0,0,1,1,1,0,2,1,0,1,[0|0],0,1,1,1,1,1,1,1,0,0,1,1,1,1,1,0,0,0,0,0,0,0,0,1,0,0,0,0,0,0,0,0,0,0,0,0,0,[0|0|0],-1,-1,-1,-1,-1,63000,[0|0|0|0|0|0|0|0]
10100,Ash of War: Impaling Thrust,1,0,[0|0|0],8301,0,20,-1,-1,-1,710600,101,0,0,0,351010,-1,-1,1,1,1,1,1,1,1,1,1,1,1,1,1,0,0,0,1,0,0,0,0,0,0,0,0,1,1,1,0,2,1,0,2,[0|0],1,1,1,0,0,0,1,1,1,1,0,0,0,0,0,1,0,1,1,0,0,1,0,0,0,0,0,0,0,0,0,0,0,0,0,0,0,[0|0|0],-1,-1,-1,-1,-1,63004,[0|0|0|0|0|0|0|0]
10200,Ash of War: Piercing Fang,0,0,[0|0|0],8302,0,20,-1,-1,-1,710600,102,0,0,0,351020,-1,-1,1,1,1,1,1,1,1,1,1,1,1,1,1,0,0,0,2,0,0,0,0,0,0,0,0,1,1,1,0,2,1,0,2,[0|0],0,1,1,0,0,0,1,1,1,1,0,0,0,0,0,1,0,1,1,0,0,0,0,0,0,0,0,0,0,0,0,0,0,0,0,0,0,[0|0|0],-1,-1,-1,-1,-1,63001,[0|0|0|0|0|0|0|0]
10300,Ash of War: Spinning Slash,1,0,[0|0|0],8303,0,20,-1,-1,-1,710600,103,0,0,0,351000,-1,-1,1,1,1,1,1,1,1,1,1,1,1,1,1,0,0,0,1,0,0,0,0,0,0,0,0,1,1,1,0,2,1,0,2,[0|0],1,1,1,0,1,1,1,1,0,0,1,1,0,0,0,1,0,1,1,1,0,0,0,0,0,0,0,0,0,0,0,0,0,0,0,0,0,[0|0|0],-1,-1,-1,-1,-1,63002,[0|0|0|0|0|0|0|0]
10500,Ash of War: Charge Forth,1,0,[0|0|0],8304,0,30,-1,-1,-1,710600,105,0,0,0,352010,-1,-1,1,1,1,1,1,1,1,1,1,1,1,1,1,0,0,0,1,0,0,0,0,0,0,0,0,1,1,1,0,2,1,0,3,[0|0],0,0,0,0,0,0,0,1,0,1,0,0,0,0,0,1,0,1,1,0,0,0,0,0,0,0,0,0,0,0,0,0,0,0,0,0,0,[0|0|0],-1,-1,-1,-1,-1,63013,[0|0|0|0|0|0|0|0]
10600,Ash of War: Stamp (Upward Cut),1,0,[0|0|0],8305,0,10,-1,-1,-1,710600,106,0,0,0,350000,-1,-1,1,1,1,1,1,1,1,1,1,1,1,1,1,0,0,0,1,0,0,0,0,0,0,0,0,1,1,1,0,2,1,0,1,[0|0],0,0,1,1,0,1,0,0,0,1,1,1,1,1,1,0,0,0,0,0,0,0,0,1,0,0,0,0,0,0,0,0,0,0,0,0,0,[0|0|0],-1,-1,-1,-1,-1,63003,[0|0|0|0|0|0|0|0]
10700,Ash of War: Stamp (Sweep),1,0,[0|0|0],8306,0,10,-1,-1,-1,710600,107,0,0,0,350010,-1,-1,1,1,1,1,1,1,1,1,1,1,1,1,1,0,0,0,1,0,0,0,0,0,0,0,0,1,1,1,0,2,1,0,1,[0|0],0,0,1,1,0,1,0,0,0,1,1,1,1,1,1,0,0,0,0,0,0,0,0,1,0,0,0,0,0,0,0,0,0,0,0,0,0,[0|0|0],-1,-1,-1,-1,-1,63003,[0|0|0|0|0|0|0|0]
10800,Ash of War: Blood Tax,1,0,[0|0|0],8307,0,90,-1,-1,-1,710600,108,0,0,0,359020,-1,-1,1,1,1,1,0,0,0,0,0,0,1,1,1,0,0,0,2,0,0,0,0,0,0,0,0,1,1,1,0,2,1,0,11,[0|0],1,1,1,0,0,0,1,1,1,1,0,0,0,0,0,1,0,1,1,0,0,0,0,0,0,0,0,0,0,0,0,0,0,0,0,0,0,[0|0|0],-1,-1,-1,-1,-1,63004,[0|0|0|0|0|0|0|0]
10900,Ash of War: Repeating Thrust,0,0,[0|0|0],8308,0,20,-1,-1,-1,710600,109,0,0,0,351030,-1,-1,1,1,1,1,1,1,1,1,1,1,1,1,1,0,0,0,1,0,0,0,0,0,0,0,0,1,1,1,0,2,1,0,2,[0|0],1,1,1,0,0,0,1,1,1,1,0,0,0,0,0,1,0,1,1,0,0,0,0,0,0,0,0,0,0,0,0,0,0,0,0,0,0,[0|0|0],-1,-1,-1,-1,-1,63004,[0|0|0|0|0|0|0|0]
11000,Ash of War: Wild Strikes,1,0,[0|0|0],8309,0,10,-1,-1,-1,710600,110,0,0,0,350020,-1,-1,1,1,1,1,1,1,1,1,1,1,1,1,1,0,0,0,1,0,0,0,0,0,0,0,0,1,1,1,0,2,1,0,1,[0|0],0,0,1,0,1,1,0,0,0,0,1,1,1,1,1,0,0,0,0,0,0,0,0,0,0,0,0,0,0,0,0,0,0,0,0,0,0,[0|0|0],-1,-1,-1,-1,-1,63043,[0|0|0|0|0|0|0|0]
11100,Ash of War: Spinning Strikes,1,0,[0|0|0],8310,0,30,-1,-1,-1,710600,111,0,0,0,352020,-1,-1,1,1,1,1,1,1,1,1,1,1,1,1,1,0,0,0,1,0,0,0,0,0,0,0,0,1,1,1,0,2,1,0,3,[0|0],0,0,0,0,0,0,0,0,0,0,0,0,0,0,0,1,0,0,1,1,0,0,0,0,0,0,0,0,0,0,0,0,0,0,0,0,0,[0|0|0],-1,-1,-1,-1,-1,63025,[0|0|0|0|0|0|0|0]
11200,Ash of War: Double Slash,1,0,[0|0|0],8311,0,20,-1,-1,-1,710600,112,0,0,0,351040,-1,-1,1,1,1,1,1,1,1,1,1,1,1,1,1,0,0,0,1,0,0,0,0,0,0,0,0,1,1,1,0,2,1,0,2,[0|0],1,1,1,0,1,1,1,1,0,0,0,0,0,0,0,0,0,0,1,1,0,0,0,0,0,0,0,0,0,0,0,0,0,0,0,0,0,[0|0|0],-1,-1,-1,-1,-1,63006,[0|0|0|0|0|0|0|0]
11300,Ash of War: Prelate's Charge,1,0,[0|0|0],8312,0,50,-1,-1,-1,710600,113,0,0,0,355000,-1,-1,1,1,1,1,1,1,0,0,0,0,0,0,0,0,0,0,2,0,0,0,0,0,0,0,0,1,1,1,0,2,1,0,5,[0|0],0,0,0,0,0,0,0,0,0,0,0,1,0,1,0,0,0,0,0,0,0,0,0,1,0,0,0,0,0,0,0,0,0,0,0,0,0,[0|0|0],-1,-1,-1,-1,-1,63007,[0|0|0|0|0|0|0|0]
11400,Ash of War: Unsheathe,1,0,[0|0|0],8313,0,20,-1,-1,-1,710600,114,0,0,0,351060,-1,-1,1,1,1,1,1,1,1,1,1,1,1,1,1,0,0,0,1,0,0,0,0,0,0,0,0,1,1,1,0,2,1,0,2,[0|0],0,0,0,0,0,0,1,0,0,0,0,0,0,0,0,0,0,0,0,0,0,0,0,0,0,0,0,0,0,0,0,0,0,0,0,0,0,[0|0|0],-1,-1,-1,-1,-1,63008,[0|0|0|0|0|0|0|0]
11500,Ash of War: Square Off,1,0,[0|0|0],8314,0,30,-1,-1,-1,710600,115,0,0,0,352000,-1,-1,1,1,1,1,1,1,1,1,1,1,1,1,1,0,0,0,1,0,0,0,0,0,0,0,0,1,1,1,0,2,1,0,3,[0|0],0,1,0,0,0,0,0,0,0,0,0,0,0,0,0,0,0,0,0,0,0,0,0,0,0,0,0,0,0,0,0,0,0,0,0,0,0,[0|0|0],-1,-1,-1,-1,-1,63009,[0|0|0|0|0|0|0|0]
11600,Ash of War: Giant Hunt,1,0,[0|0|0],8315,0,30,-1,-1,-1,710600,116,0,0,0,352030,-1,-1,1,1,1,1,1,1,1,1,1,1,1,1,1,0,0,0,2,0,0,0,0,0,0,0,0,1,1,1,0,2,1,0,3,[0|0],0,0,1,1,0,0,0,1,0,1,0,0,0,0,0,1,0,1,1,0,0,0,0,0,0,0,0,0,0,0,0,0,0,0,0,0,0,[0|0|0],-1,-1,-1,-1,-1,63010,[0|0|0|0|0|0|0|0]
11800,Ash of War: Loretta's Slash,1,0,[0|0|0],8316,0,40,-1,-1,-1,710600,118,0,0,0,353060,-1,-1,1,1,1,1,0,0,0,0,1,1,0,0,0,0,0,0,2,0,0,0,0,0,0,0,0,1,1,1,0,2,1,0,8,[0|0],0,0,0,0,0,0,0,1,0,0,0,0,0,0,0,1,0,1,1,1,0,0,0,0,0,0,0,0,0,0,0,0,0,0,0,0,0,[0|0|0],-1,-1,-1,-1,-1,63024,[0|0|0|0|0|0|0|0]
11900,Ash of War: Poison Moth Flight,1,0,[0|0|0],8317,0,90,-1,-1,-1,710600,119,0,0,0,358010,-1,-1,1,1,1,1,0,0,0,0,0,0,1,1,1,0,0,0,2,0,0,0,0,0,0,0,0,1,1,1,0,2,1,0,10,[0|0],1,1,0,0,1,0,1,0,1,0,0,0,0,0,0,0,0,0,0,0,0,0,0,0,0,0,0,0,0,0,0,0,0,0,0,0,0,[0|0|0],-1,-1,-1,-1,-1,63011,[0|0|0|0|0|0|0|0]
12000,Ash of War: Spinning Weapon,1,0,[0|0|0],8318,0,40,-1,-1,-1,710600,120,0,0,0,353050,-1,-1,1,1,1,1,0,0,0,0,1,1,0,0,0,0,0,0,1,0,0,0,0,0,0,0,0,1,1,1,0,2,1,0,8,[0|0],1,1,0,0,1,0,1,1,1,0,1,0,1,0,1,1,0,0,1,1,0,0,0,0,0,0,0,0,0,1,0,0,0,0,0,0,0,[0|0|0],-1,-1,-1,-1,-1,63012,[0|0|0|0|0|0|0|0]
12200,Ash of War: Storm Assault,1,0,[0|0|0],8319,0,30,-1,-1,-1,710600,122,0,0,0,352050,-1,-1,1,1,1,1,1,1,1,1,1,1,1,1,1,0,0,0,1,0,0,0,0,0,0,0,0,1,1,1,0,2,1,0,3,[0|0],0,0,0,0,0,0,0,1,0,1,0,0,0,0,0,1,0,1,1,0,0,0,0,0,0,0,0,0,0,0,0,0,0,0,0,0,0,[0|0|0],-1,-1,-1,-1,-1,63013,[0|0|0|0|0|0|0|0]
12300,Ash of War: Stormcaller,1,0,[0|0|0],8320,0,30,-1,-1,-1,710600,123,0,0,0,352060,-1,-1,1,1,1,1,1,1,1,1,1,1,1,1,1,0,0,0,1,0,0,0,0,0,0,0,0,1,1,1,0,2,1,0,3,[0|0],0,1,1,0,1,1,1,1,0,0,1,1,1,1,1,1,0,1,1,1,0,0,0,0,0,0,0,0,0,0,0,0,0,0,0,0,0,[0|0|0],-1,-1,-1,-1,-1,63014,[0|0|0|0|0|0|0|0]
12400,Ash of War: Sword Dance,1,0,[0|0|0],8321,0,20,-1,-1,-1,710600,124,0,0,0,351050,-1,-1,1,1,1,1,1,1,1,1,1,1,1,1,1,0,0,0,1,0,0,0,0,0,0,0,0,1,1,1,0,2,1,0,2,[0|0],1,1,1,0,1,1,1,1,0,0,1,1,0,0,0,1,0,0,1,1,0,0,0,0,0,0,0,0,0,0,0,0,0,0,0,0,0,[0|0|0],-1,-1,-1,-1,-1,63015,[0|0|0|0|0|0|0|0]
20000,Ash of War: Glintblade Phalanx,0,0,[0|0|0],8330,0,40,-1,-1,-1,710600,200,0,0,0,353020,-1,-1,1,1,1,1,0,0,0,0,1,1,0,0,0,0,0,0,1,0,0,0,0,0,0,0,0,1,1,1,0,2,1,0,8,[0|0],1,1,1,0,1,1,1,1,1,1,0,0,0,0,0,1,0,1,1,0,0,0,0,0,0,0,0,0,0,0,0,0,0,0,0,0,0,[0|0|0],-1,-1,-1,-1,-1,63037,[0|0|0|0|0|0|0|0]
20100,Ash of War: Sacred Blade,1,0,[0|0|0],8331,0,80,-1,-1,-1,710600,201,0,0,0,357000,-1,-1,1,1,1,1,0,0,1,1,0,0,0,0,0,0,0,0,1,0,0,0,0,0,0,0,0,1,1,1,0,2,1,0,7,[0|0],1,1,1,1,1,1,1,1,1,1,1,1,1,1,1,1,0,1,1,1,0,0,0,1,0,0,0,0,0,0,0,0,0,0,0,0,0,[0|0|0],-1,-1,-1,-1,-1,63044,[0|0|0|0|0|0|0|0]
20200,Ash of War: Ice Spear,1,0,[0|0|0],8332,0,90,-1,-1,-1,710600,202,0,0,0,360000,-1,-1,1,1,1,1,0,0,0,0,1,1,0,0,0,0,0,0,1,0,0,0,0,0,0,0,0,1,1,1,0,2,1,0,9,[0|0],0,0,0,0,0,0,0,1,0,0,0,0,0,0,0,1,0,1,1,0,0,0,0,0,0,0,0,0,0,0,0,0,0,0,0,0,0,[0|0|0],-1,-1,-1,-1,-1,63016,[0|0|0|0|0|0|0|0]
20300,Ash of War: Glintstone Pebble,1,0,[0|0|0],8333,0,40,-1,-1,-1,710600,203,0,0,0,353010,-1,-1,1,1,1,1,0,0,0,0,1,1,0,0,0,0,0,0,1,0,0,0,0,0,0,0,0,1,1,1,0,2,1,0,8,[0|0],1,1,1,0,1,1,1,1,1,1,0,0,0,0,0,1,0,1,1,0,0,0,0,0,0,0,0,0,0,0,0,0,0,0,0,0,0,[0|0|0],-1,-1,-1,-1,-1,63037,[0|0|0|0|0|0|0|0]
20400,Ash of War: Bloody Slash,1,0,[0|0|0],8334,0,90,-1,-1,-1,710600,204,0,0,0,359010,-1,-1,1,1,1,1,0,0,0,0,0,0,1,1,1,0,0,0,1,0,0,0,0,0,0,0,0,1,1,1,0,2,1,0,11,[0|0],1,1,1,0,1,1,1,1,1,1,0,0,0,0,0,0,0,0,0,0,0,0,0,0,0,0,0,0,0,0,0,0,0,0,0,0,0,[0|0|0],-1,-1,-1,-1,-1,63022,[0|0|0|0|0|0|0|0]
20500,Ash of War: Lifesteal Fist,1,0,[0|0|0],8335,0,120,-1,-1,-1,710600,205,0,0,0,361010,-1,-1,1,1,1,1,0,0,0,0,0,0,1,1,1,0,0,0,2,0,0,0,0,0,0,0,0,1,1,1,0,2,1,0,12,[0|0],0,0,0,0,0,0,0,0,0,0,0,0,0,0,0,0,0,0,0,0,1,1,0,0,0,0,0,0,0,0,0,0,0,0,0,0,0,[0|0|0],-1,-1,-1,-1,-1,63017,[0|0|0|0|0|0|0|0]
20700,Ash of War: Eruption,1,0,[0|0|0],8336,0,50,-1,-1,-1,710600,207,0,0,0,354020,-1,-1,1,1,1,1,1,1,0,0,0,0,0,0,0,0,0,0,1,0,0,0,0,0,0,0,0,1,1,1,0,2,1,0,4,[0|0],0,0,1,1,0,1,0,0,0,1,0,1,0,1,0,0,0,0,0,0,0,0,0,1,0,0,0,0,0,0,0,0,0,0,0,0,0,[0|0|0],-1,-1,-1,-1,-1,63039,[0|0|0|0|0|0|0|0]
20800,Ash of War: Prayerful Strike,1,0,[0|0|0],8337,0,80,-1,-1,-1,710600,208,0,0,0,357010,-1,-1,1,1,1,1,0,0,1,1,0,0,0,0,0,0,0,0,1,0,0,0,0,0,0,0,0,1,1,1,0,2,1,0,7,[0|0],0,0,0,0,0,0,0,0,0,0,1,1,1,1,1,0,0,0,0,0,0,0,0,1,0,0,0,0,0,0,0,0,0,0,0,0,0,[0|0|0],-1,-1,-1,-1,-1,63018,[0|0|0|0|0|0|0|0]
20900,Ash of War: Gravitas,0,0,[0|0|0],8338,0,40,-1,-1,-1,710600,209,0,0,0,353070,-1,-1,1,1,1,1,0,0,0,0,1,1,0,0,0,0,0,0,2,0,0,0,0,0,0,0,0,1,1,1,0,2,1,0,8,[0|0],0,1,1,1,1,1,1,1,1,1,1,1,1,1,1,1,0,1,1,1,0,0,0,1,0,0,0,0,0,0,0,0,0,0,0,0,0,[0|0|0],-1,-1,-1,-1,-1,63019,[0|0|0|0|0|0|0|0]
21000,Ash of War: Storm Blade,0,0,[0|0|0],8339,0,30,-1,-1,-1,710600,210,0,0,0,352040,-1,-1,1,1,1,1,1,1,1,1,1,1,1,1,1,0,0,0,1,0,0,0,0,0,0,0,0,1,1,1,0,2,1,0,3,[0|0],1,1,1,0,1,1,1,0,1,1,0,0,0,0,0,0,0,0,0,0,0,0,0,0,0,0,0,0,0,0,0,0,0,0,0,0,0,[0|0|0],-1,-1,-1,-1,-1,63020,[0|0|0|0|0|0|0|0]
21200,Ash of War: Earthshaker,1,0,[0|0|0],8340,0,10,-1,-1,-1,710600,212,0,0,0,350080,-1,-1,1,1,1,1,1,1,1,1,1,1,1,1,1,0,0,0,1,0,0,0,0,0,0,0,0,1,1,1,0,2,1,0,1,[0|0],0,0,0,1,0,0,0,0,0,0,0,1,0,1,0,0,0,1,0,0,0,0,0,1,0,0,0,0,0,0,0,0,0,0,0,0,0,[0|0|0],-1,-1,-1,-1,-1,63050,[0|0|0|0|0|0|0|0]
21300,Ash of War: Golden Land,1,0,[0|0|0],8341,0,80,-1,-1,-1,710600,213,0,0,0,357050,-1,-1,1,1,1,1,0,0,1,1,0,0,0,0,0,0,0,0,2,0,0,0,0,0,0,0,0,1,1,1,0,2,1,0,7,[0|0],0,0,0,1,0,0,0,0,0,0,0,1,0,1,0,0,0,1,0,0,0,0,0,1,0,0,0,0,0,0,0,0,0,0,0,0,0,[0|0|0],-1,-1,-1,-1,-1,63050,[0|0|0|0|0|0|0|0]
21400,Ash of War: Flaming Strike,1,0,[0|0|0],8342,0,50,-1,-1,-1,710600,214,0,0,0,354000,-1,-1,1,1,1,1,1,1,0,0,0,0,0,0,0,0,0,0,1,0,0,0,0,0,0,0,0,1,1,1,0,2,1,0,4,[0|0],1,1,1,0,1,1,1,1,1,1,1,1,1,1,1,1,0,1,1,1,1,1,0,0,0,0,0,0,0,0,0,0,0,0,0,0,0,[0|0|0],-1,-1,-1,-1,-1,63045,[0|0|0|0|0|0|0|0]
21600,Ash of War: Thunderbolt,0,0,[0|0|0],8343,0,50,-1,-1,-1,710600,216,0,0,0,356000,-1,-1,1,1,1,1,0,0,1,1,0,0,0,0,0,0,0,0,1,0,0,0,0,0,0,0,0,1,1,1,0,2,1,0,6,[0|0],1,1,1,1,1,1,1,1,1,1,1,1,1,1,1,1,0,1,1,1,1,1,1,1,0,0,0,0,0,0,0,0,0,0,0,0,0,[0|0|0],-1,-1,-1,-1,-1,63042,[0|0|0|0|0|0|0|0]
21700,Ash of War: Lightning Slash,1,0,[0|0|0],8344,0,50,-1,-1,-1,710600,217,0,0,0,356010,-1,-1,1,1,1,1,0,0,1,1,0,0,0,0,0,0,0,0,1,0,0,0,0,0,0,0,0,1,1,1,0,2,1,0,6,[0|0],1,1,1,1,1,1,1,1,1,1,1,1,1,1,1,0,0,0,0,0,0,0,0,1,0,0,0,0,0,0,0,0,0,0,0,0,0,[0|0|0],-1,-1,-1,-1,-1,63021,[0|0|0|0|0|0|0|0]
21800,Ash of War: Carian Grandeur,1,0,[0|0|0],8345,0,40,-1,-1,-1,710600,218,0,0,0,353040,-1,-1,1,1,1,1,0,0,0,0,1,1,0,0,0,0,0,0,2,0,0,0,0,0,0,0,0,1,1,1,0,2,1,0,8,[0|0],1,1,1,0,1,1,1,1,1,1,0,0,0,0,0,0,0,0,0,0,0,0,0,0,0,0,0,0,0,0,0,0,0,0,0,0,0,[0|0|0],-1,-1,-1,-1,-1,63022,[0|0|0|0|0|0|0|0]
21900,Ash of War: Carian Greatsword,0,0,[0|0|0],8346,0,40,-1,-1,-1,710600,219,0,0,0,353030,-1,-1,1,1,1,1,0,0,0,0,1,1,0,0,0,0,0,0,1,0,0,0,0,0,0,0,0,1,1,1,0,2,1,0,8,[0|0],1,1,1,0,1,1,1,1,1,1,0,0,0,0,0,0,0,0,0,0,0,0,0,0,0,0,0,0,0,0,0,0,0,0,0,0,0,[0|0|0],-1,-1,-1,-1,-1,63022,[0|0|0|0|0|0|0|0]
22000,Ash of War: Vacuum Slice,1,0,[0|0|0],8347,0,30,-1,-1,-1,710600,220,0,0,0,352080,-1,-1,1,1,1,1,1,1,1,1,1,1,1,1,1,0,0,0,2,0,0,0,0,0,0,0,0,1,1,1,0,2,1,0,3,[0|0],1,1,1,1,1,1,1,1,1,1,1,1,0,0,0,0,0,0,0,0,0,0,0,0,0,0,0,0,0,0,0,0,0,0,0,0,0,[0|0|0],-1,-1,-1,-1,-1,63049,[0|0|0|0|0|0|0|0]
22100,Ash of War: Black Flame Tornado,1,0,[0|0|0],8348,0,50,-1,-1,-1,710600,221,0,0,0,355010,-1,-1,1,1,1,1,1,1,0,0,0,0,0,0,0,0,0,0,2,0,0,0,0,0,0,0,0,1,1,1,0,2,1,0,5,[0|0],0,0,0,0,0,0,0,1,0,0,0,0,0,0,0,1,0,1,1,1,0,0,0,0,0,0,0,0,0,0,0,0,0,0,0,0,0,[0|0|0],-1,-1,-1,-1,-1,63024,[0|0|0|0|0|0|0|0]
22200,Ash of War: Sacred Ring of Light,1,0,[0|0|0],8349,0,80,-1,-1,-1,710600,222,0,0,0,357020,-1,-1,1,1,1,1,0,0,1,1,0,0,0,0,0,0,0,0,1,0,0,0,0,0,0,0,0,1,1,1,0,2,1,0,7,[0|0],0,0,0,0,0,0,0,0,0,0,0,0,0,0,0,1,0,0,1,1,0,0,0,0,0,0,0,0,0,0,0,0,0,0,0,0,0,[0|0|0],-1,-1,-1,-1,-1,63025,[0|0|0|0|0|0|0|0]
22400,Ash of War: Blood Blade,1,0,[0|0|0],8350,0,90,-1,-1,-1,710600,224,0,0,0,359000,-1,-1,1,1,1,1,0,0,0,0,0,0,1,1,1,0,0,0,1,0,0,0,0,0,0,0,0,1,1,1,0,2,1,0,11,[0|0],1,1,0,0,1,0,1,1,1,0,0,0,0,0,0,0,0,0,0,0,0,0,0,0,0,0,0,0,0,0,0,0,0,0,0,0,0,[0|0|0],-1,-1,-1,-1,-1,63026,[0|0|0|0|0|0|0|0]
22500,Ash of War: Phantom Slash,1,0,[0|0|0],8351,0,30,-1,-1,-1,710600,225,0,0,0,352090,-1,-1,1,1,1,1,1,1,1,1,1,1,1,1,1,0,0,0,2,0,0,0,0,0,0,0,0,1,1,1,0,2,1,0,3,[0|0],0,0,0,0,0,0,0,1,0,0,0,0,0,0,0,1,0,0,1,1,0,0,0,0,0,0,0,0,0,0,0,0,0,0,0,0,0,[0|0|0],-1,-1,-1,-1,-1,63027,[0|0|0|0|0|0|0|0]
22600,Ash of War: Spectral Lance,1,0,[0|0|0],8352,0,120,-1,-1,-1,710600,226,0,0,0,361000,-1,-1,1,1,1,1,0,0,0,0,0,0,1,1,1,0,0,0,1,0,0,0,0,0,0,0,0,1,1,1,0,2,1,0,12,[0|0],0,0,0,0,0,0,0,0,0,0,0,0,0,0,0,1,0,1,1,0,0,0,0,0,0,0,0,0,0,0,0,0,0,0,0,0,0,[0|0|0],-1,-1,-1,-1,-1,63028,[0|0|0|0|0|0|0|0]
22700,Ash of War: Chilling Mist,1,0,[0|0|0],8353,0,90,-1,-1,-1,710600,227,0,0,0,360010,-1,-1,1,1,1,1,0,0,0,0,1,1,0,0,0,0,0,0,1,0,0,0,0,0,0,0,0,1,1,1,0,2,1,0,9,[0|0],1,1,1,1,1,1,1,1,1,1,1,1,1,1,1,1,0,1,1,1,0,0,0,1,0,0,0,0,0,0,0,0,0,0,0,0,0,[0|0|0],-1,-1,-1,-1,-1,63044,[0|0|0|0|0|0|0|0]
22800,Ash of War: Poisonous Mist,1,0,[0|0|0],8354,0,90,-1,-1,-1,710600,228,0,0,0,358000,-1,-1,1,1,1,1,0,0,0,0,0,0,1,1,1,0,0,0,1,0,0,0,0,0,0,0,0,1,1,1,0,2,1,0,10,[0|0],1,1,1,1,1,1,1,1,1,1,1,1,1,1,1,1,0,1,1,1,0,0,0,1,0,0,0,0,0,0,0,0,0,0,0,0,0,[0|0|0],-1,-1,-1,-1,-1,63044,[0|0|0|0|0|0|0|0]
30000,Ash of War: Shield Bash,1,0,[0|0|0],8360,0,140,-1,-1,-1,710600,300,0,0,0,363030,-1,-1,1,1,1,1,1,1,1,1,1,1,1,1,1,0,0,0,1,0,0,0,0,0,0,0,0,1,1,1,0,2,1,0,0,[0|0],0,0,0,0,0,0,0,0,0,0,0,0,0,0,0,0,0,0,0,0,0,0,0,0,0,0,0,0,0,0,0,0,1,1,1,0,0,[0|0|0],-1,-1,-1,-1,-1,63041,[0|0|0|0|0|0|0|0]
30100,Ash of War: Barricade Shield,0,0,[0|0|0],8361,0,140,-1,-1,-1,710600,301,0,0,0,363050,-1,-1,1,1,1,1,1,1,1,1,1,1,1,1,1,0,0,0,1,0,0,0,0,0,0,0,0,1,1,1,0,2,1,0,0,[0|0],0,0,0,0,0,0,0,0,0,0,0,0,0,0,0,0,0,0,0,0,0,0,0,0,0,0,0,0,0,0,0,0,1,1,1,0,0,[0|0|0],-1,-1,-1,-1,-1,63041,[0|0|0|0|0|0|0|0]
30200,Ash of War: Parry,1,0,[0|0|0],8362,0,140,-1,-1,-1,710600,302,0,0,0,363000,-1,-1,1,1,1,1,1,1,1,1,1,1,1,1,1,0,0,0,1,0,0,0,0,0,0,0,0,1,1,1,0,2,1,0,0,[0|0],1,0,0,0,1,0,0,0,1,0,0,0,0,0,0,0,0,0,0,0,1,1,0,0,0,0,0,0,0,0,0,0,1,1,0,0,0,[0|0|0],-1,-1,-1,-1,-1,63047,[0|0|0|0|0|0|0|0]
30500,Ash of War: Carian Retaliation,1,0,[0|0|0],8363,0,140,-1,-1,-1,710600,305,0,0,0,363070,-1,-1,1,1,1,1,0,0,0,0,1,1,0,0,0,0,0,0,1,0,0,0,0,0,0,0,0,1,1,1,0,2,1,0,8,[0|0],0,0,0,0,0,0,0,0,0,0,0,0,0,0,0,0,0,0,0,0,0,0,0,0,0,0,0,0,0,0,0,0,1,1,0,0,0,[0|0|0],-1,-1,-1,-1,-1,63030,[0|0|0|0|0|0|0|0]
30600,Ash of War: Storm Wall,1,0,[0|0|0],8364,0,140,-1,-1,-1,710600,306,0,0,0,363020,-1,-1,1,1,1,1,1,1,1,1,1,1,1,1,1,0,0,0,1,0,0,0,0,0,0,0,0,1,1,1,0,2,1,0,0,[0|0],0,0,0,0,0,0,0,0,0,0,0,0,0,0,0,0,0,0,0,0,0,0,0,0,0,0,0,0,0,0,0,0,1,1,0,0,0,[0|0|0],-1,-1,-1,-1,-1,63030,[0|0|0|0|0|0|0|0]
30700,Ash of War: Golden Parry,1,0,[0|0|0],8365,0,140,-1,-1,-1,710600,307,0,0,0,363010,-1,-1,1,1,1,1,0,0,1,1,0,0,0,0,0,0,0,0,2,0,0,0,0,0,0,0,0,1,1,1,0,2,1,0,7,[0|0],0,0,0,0,0,0,0,0,0,0,0,0,0,0,0,0,0,0,0,0,0,0,0,0,0,0,0,0,0,0,0,0,1,1,0,0,0,[0|0|0],-1,-1,-1,-1,-1,63030,[0|0|0|0|0|0|0|0]
30800,Ash of War: Shield Crash,1,0,[0|0|0],8366,0,140,-1,-1,-1,710600,308,0,0,0,363040,-1,-1,1,1,1,1,1,1,1,1,1,1,1,1,1,0,0,0,1,0,0,0,0,0,0,0,0,1,1,1,0,2,1,0,0,[0|0],0,0,0,0,0,0,0,0,0,0,0,0,0,0,0,0,0,0,0,0,0,0,0,0,0,0,0,0,0,0,0,0,1,1,1,0,0,[0|0|0],-1,-1,-1,-1,-1,63041,[0|0|0|0|0|0|0|0]
30900,Ash of War: No Skill,1,0,[0|0|0],8367,0,140,-1,-1,-1,710600,10,0,0,0,363080,-1,-1,1,1,1,1,1,1,1,1,1,1,1,1,1,0,0,0,1,0,0,0,0,0,0,0,0,1,1,1,0,2,1,0,0,[0|0],0,0,0,0,0,0,0,0,0,0,0,0,0,0,0,0,0,0,0,0,0,0,0,0,0,0,0,0,0,0,0,0,1,1,1,1,0,[0|0|0],-1,-1,-1,-1,-1,63031,[0|0|0|0|0|0|0|0]
31000,Ash of War: Thops's Barrier,1,0,[0|0|0],8368,0,140,-1,-1,-1,710600,309,0,0,0,363060,-1,-1,1,1,1,1,0,0,0,0,1,1,0,0,0,0,0,0,2,0,0,0,0,0,0,0,0,1,1,1,0,2,1,0,8,[0|0],0,0,0,0,0,0,0,0,0,0,0,0,0,0,0,0,0,0,0,0,0,0,0,0,0,0,0,0,0,0,0,0,1,1,0,0,0,[0|0|0],-1,-1,-1,-1,-1,63030,[0|0|0|0|0|0|0|0]
40000,Ash of War: Through and Through,1,0,[0|0|0],8380,0,130,-1,-1,-1,710600,400,0,0,0,362010,-1,-1,1,0,0,0,0,0,0,0,0,0,0,0,0,0,0,0,1,0,0,0,0,0,0,0,0,1,1,1,0,2,1,0,0,[0|0],0,0,0,0,0,0,0,0,0,0,0,0,0,0,0,0,0,0,0,0,0,0,0,0,0,0,1,0,0,0,0,0,0,0,0,0,0,[0|0|0],-1,-1,-1,-1,-1,63032,[0|0|0|0|0|0|0|0]
40100,Ash of War: Barrage,1,0,[0|0|0],8381,0,130,-1,-1,-1,710600,401,0,0,0,362020,-1,-1,1,0,0,0,0,0,0,0,0,0,0,0,0,0,0,0,1,0,0,0,0,0,0,0,0,1,1,1,0,2,1,0,0,[0|0],0,0,0,0,0,0,0,0,0,0,0,0,0,0,0,0,0,0,0,0,0,0,0,0,1,0,0,0,0,0,0,0,0,0,0,0,0,[0|0|0],-1,-1,-1,-1,-1,63048,[0|0|0|0|0|0|0|0]
40200,Ash of War: Mighty Shot,1,0,[0|0|0],8382,0,130,-1,-1,-1,710600,402,0,0,0,362000,-1,-1,1,0,0,0,0,0,0,0,0,0,0,0,0,0,0,0,1,0,0,0,0,0,0,0,0,1,1,1,0,2,1,0,0,[0|0],0,0,0,0,0,0,0,0,0,0,0,0,0,0,0,0,0,0,0,0,0,0,0,0,1,1,0,0,0,0,0,0,0,0,0,0,0,[0|0|0],-1,-1,-1,-1,-1,63033,[0|0|0|0|0|0|0|0]
40400,Ash of War: Enchanted Shot,1,0,[0|0|0],8383,0,130,-1,-1,-1,710600,404,0,0,0,362040,-1,-1,1,0,0,0,0,0,0,0,0,0,0,0,0,0,0,0,1,0,0,0,0,0,0,0,0,1,1,1,0,2,1,0,0,[0|0],0,0,0,0,0,0,0,0,0,0,0,0,0,0,0,0,0,0,0,0,0,0,0,0,1,1,0,0,0,0,0,0,0,0,0,0,0,[0|0|0],-1,-1,-1,-1,-1,63033,[0|0|0|0|0|0|0|0]
40500,Ash of War: Sky Shot,1,0,[0|0|0],8384,0,130,-1,-1,-1,710600,405,0,0,0,362030,-1,-1,1,0,0,0,0,0,0,0,0,0,0,0,0,0,0,0,1,0,0,0,0,0,0,0,0,1,1,1,0,2,1,0,0,[0|0],0,0,0,0,0,0,0,0,0,0,0,0,0,0,0,0,0,0,0,0,0,0,0,0,1,1,0,0,0,0,0,0,0,0,0,0,0,[0|0|0],-1,-1,-1,-1,-1,63033,[0|0|0|0|0|0|0|0]
40600,Ash of War: Rain of Arrows,1,0,[0|0|0],8385,0,130,-1,-1,-1,710600,406,0,0,0,362050,-1,-1,1,0,0,0,0,0,0,0,0,0,0,0,0,0,0,0,2,0,0,0,0,0,0,0,0,1,1,1,0,2,1,0,0,[0|0],0,0,0,0,0,0,0,0,0,0,0,0,0,0,0,0,0,0,0,0,0,0,0,0,1,1,1,0,0,0,0,0,0,0,0,0,0,[0|0|0],-1,-1,-1,-1,-1,63034,[0|0|0|0|0|0|0|0]
50100,Ash of War: Hoarfrost Stomp,1,0,[0|0|0],8400,0,90,-1,-1,-1,710600,501,0,0,0,360020,-1,-1,1,1,1,1,0,0,0,0,1,1,0,0,0,0,0,0,1,0,0,0,0,0,0,0,0,1,1,1,0,2,1,0,9,[0|0],1,1,1,1,1,1,1,1,1,1,1,1,1,1,1,1,0,1,1,1,1,1,1,1,0,0,0,0,0,0,0,0,0,0,0,0,0,[0|0|0],-1,-1,-1,-1,-1,63042,[0|0|0|0|0|0|0|0]
50200,Ash of War: Storm Stomp,0,0,[0|0|0],8401,0,30,-1,-1,-1,710600,502,0,0,0,352070,-1,-1,1,1,1,1,1,1,1,1,1,1,1,1,1,0,0,0,1,0,0,0,0,0,0,0,0,1,1,1,0,2,1,0,3,[0|0],1,1,1,1,1,1,1,1,1,1,1,1,1,1,1,1,0,1,1,1,1,1,1,1,0,0,0,0,0,0,0,0,0,0,0,0,0,[0|0|0],-1,-1,-1,-1,-1,63042,[0|0|0|0|0|0|0|0]
50300,Ash of War: Kick,1,0,[0|0|0],8402,0,10,-1,-1,-1,710600,503,0,0,0,350050,-1,-1,1,1,1,1,1,1,1,1,1,1,1,1,1,0,0,0,1,0,0,0,0,0,0,0,0,1,1,1,0,2,1,0,1,[0|0],1,1,1,1,1,1,1,1,1,1,1,1,1,1,1,1,0,1,1,1,1,1,1,1,0,0,0,0,0,0,0,0,0,0,0,0,0,[0|0|0],-1,-1,-1,-1,-1,63042,[0|0|0|0|0|0|0|0]
50400,Ash of War: Lightning Ram,1,0,[0|0|0],8403,0,50,-1,-1,-1,710600,504,0,0,0,356020,-1,-1,1,1,1,1,0,0,1,1,0,0,0,0,0,0,0,0,1,0,0,0,0,0,0,0,0,1,1,1,0,2,1,0,6,[0|0],1,1,1,1,1,1,1,1,1,1,1,1,1,1,1,1,0,1,1,1,1,1,1,1,0,0,0,0,0,0,0,0,0,0,0,0,0,[0|0|0],-1,-1,-1,-1,-1,63042,[0|0|0|0|0|0|0|0]
50500,Ash of War: Flame of the Redmanes,1,0,[0|0|0],8404,0,50,-1,-1,-1,710600,505,0,0,0,354010,-1,-1,1,1,1,1,1,1,0,0,0,0,0,0,0,0,0,0,1,0,0,0,0,0,0,0,0,1,1,1,0,2,1,0,4,[0|0],1,1,1,1,1,1,1,1,1,1,1,1,1,1,1,1,0,1,1,1,1,1,1,1,0,0,0,0,0,0,0,0,0,0,0,0,0,[0|0|0],-1,-1,-1,-1,-1,63042,[0|0|0|0|0|0|0|0]
50600,Ash of War: Ground Slam,1,0,[0|0|0],8405,0,10,-1,-1,-1,710600,506,0,0,0,350070,-1,-1,1,1,1,1,1,1,1,1,1,1,1,1,1,0,0,0,1,0,0,0,0,0,0,0,0,1,1,1,0,2,1,0,1,[0|0],1,1,1,1,1,1,1,1,1,1,1,1,1,1,1,1,0,1,1,1,1,1,1,1,0,0,0,0,0,0,0,0,0,0,0,0,0,[0|0|0],-1,-1,-1,-1,-1,63042,[0|0|0|0|0|0|0|0]
50700,Ash of War: Golden Slam,1,0,[0|0|0],8406,0,80,-1,-1,-1,710600,507,0,0,0,357060,-1,-1,1,1,1,1,0,0,1,1,0,0,0,0,0,0,0,0,2,0,0,0,0,0,0,0,0,1,1,1,0,2,1,0,7,[0|0],1,1,1,1,1,1,1,1,1,1,1,1,1,1,1,1,0,1,1,1,1,1,1,1,0,0,0,0,0,0,0,0,0,0,0,0,0,[0|0|0],-1,-1,-1,-1,-1,63042,[0|0|0|0|0|0|0|0]
50800,Ash of War: Waves of Darkness,1,0,[0|0|0],8407,0,40,-1,-1,-1,710600,508,0,0,0,353070,-1,-1,1,1,1,1,0,0,0,0,1,1,0,0,0,0,0,0,3,0,0,0,0,0,0,0,0,1,1,1,0,2,1,0,8,[0|0],0,0,0,1,0,0,0,0,0,0,0,1,0,1,0,0,0,1,0,0,0,0,0,1,0,0,0,0,0,0,0,0,0,0,0,0,0,[0|0|0],-1,-1,-1,-1,-1,63050,[0|0|0|0|0|0|0|0]
50900,Ash of War: Hoarah Loux's Earthshaker,1,0,[0|0|0],8408,0,10,-1,-1,-1,710600,509,0,0,0,350090,-1,-1,1,1,1,1,1,1,1,1,1,1,1,1,1,0,0,0,3,0,0,0,0,0,0,0,0,1,1,1,0,2,1,0,1,[0|0],1,1,1,1,1,1,1,1,1,1,1,1,1,1,1,1,0,1,1,1,1,1,1,1,0,0,0,0,0,0,0,0,0,0,0,0,0,[0|0|0],-1,-1,-1,-1,-1,63042,[0|0|0|0|0|0|0|0]
60000,Ash of War: Determination,0,0,[0|0|0],8420,0,30,-1,-1,-1,710600,600,0,0,0,352100,-1,-1,1,1,1,1,1,1,1,1,1,1,1,1,1,0,0,0,1,0,0,0,0,0,0,0,0,1,1,1,0,2,1,0,3,[0|0],1,1,1,1,1,1,1,1,1,1,1,1,1,1,1,1,0,1,1,1,1,1,1,1,0,0,0,0,0,0,0,0,0,0,0,0,0,[0|0|0],-1,-1,-1,-1,-1,63042,[0|0|0|0|0|0|0|0]
60100,Ash of War: Royal Knight's Resolve,1,0,[0|0|0],8421,0,30,-1,-1,-1,710600,601,0,0,0,352110,-1,-1,1,1,1,1,1,1,1,1,1,1,1,1,1,0,0,0,2,0,0,0,0,0,0,0,0,1,1,1,0,2,1,0,3,[0|0],1,1,1,1,1,1,1,1,1,1,1,1,1,1,1,1,0,1,1,1,1,1,1,1,0,0,0,0,0,0,0,0,0,0,0,0,0,[0|0|0],-1,-1,-1,-1,-1,63042,[0|0|0|0|0|0|0|0]
60200,Ash of War: Assassin's Gambit,1,0,[0|0|0],8422,0,120,-1,-1,-1,710600,602,0,0,0,361030,-1,-1,1,1,1,1,0,0,0,0,0,0,1,1,1,0,0,0,1,0,0,0,0,0,0,0,0,1,1,1,0,2,1,0,12,[0|0],1,1,0,0,0,0,1,1,1,0,0,0,0,0,0,0,0,0,0,0,0,0,0,0,0,0,0,0,0,0,0,0,0,0,0,0,0,[0|0|0],-1,-1,-1,-1,-1,63036,[0|0|0|0|0|0|0|0]
60300,Ash of War: Golden Vow,1,0,[0|0|0],8423,0,80,-1,-1,-1,710600,603,0,0,0,357070,-1,-1,1,1,1,1,0,0,1,1,0,0,0,0,0,0,0,0,2,0,0,0,0,0,0,0,0,1,1,1,0,2,1,0,7,[0|0],1,1,1,1,1,1,1,1,1,1,1,1,1,1,1,1,0,1,1,1,1,1,1,1,0,0,0,0,0,0,0,0,0,0,0,0,0,[0|0|0],-1,-1,-1,-1,-1,63042,[0|0|0|0|0|0|0|0]
60400,Ash of War: Sacred Order,1,0,[0|0|0],8424,0,80,-1,-1,-1,710600,604,0,0,0,357030,-1,-1,1,1,1,1,0,0,1,1,0,0,0,0,0,0,0,0,1,0,0,0,0,0,0,0,0,1,1,1,0,2,1,0,7,[0|0],1,1,1,1,1,1,1,1,1,1,1,1,1,1,1,1,0,1,1,1,1,1,1,1,0,0,0,0,0,0,0,0,0,0,0,0,0,[0|0|0],-1,-1,-1,-1,-1,63042,[0|0|0|0|0|0|0|0]
60500,Ash of War: Shared Order,1,0,[0|0|0],8425,0,80,-1,-1,-1,710600,605,0,0,0,357040,-1,-1,1,1,1,1,0,0,1,1,0,0,0,0,0,0,0,0,2,0,0,0,0,0,0,0,0,1,1,1,0,2,1,0,7,[0|0],1,1,1,1,1,1,1,1,1,1,1,1,1,1,1,1,0,1,1,1,1,1,1,1,0,0,0,0,0,0,0,0,0,0,0,0,0,[0|0|0],-1,-1,-1,-1,-1,63042,[0|0|0|0|0|0|0|0]
60600,Ash of War: Seppuku,1,0,[0|0|0],8426,0,90,-1,-1,-1,710600,606,0,0,0,359030,-1,-1,1,1,1,1,0,0,0,0,0,0,1,1,1,0,0,0,1,0,0,0,0,0,0,0,0,1,1,1,0,2,1,0,11,[0|0],0,1,1,0,1,1,1,1,1,1,0,0,0,0,0,1,0,1,1,0,0,0,0,0,0,0,0,0,0,0,0,0,0,0,0,0,0,[0|0|0],-1,-1,-1,-1,-1,63046,[0|0|0|0|0|0|0|0]
60700,Ash of War: Cragblade,1,0,[0|0|0],8427,0,10,-1,-1,-1,710600,607,0,0,0,350040,-1,-1,1,1,1,1,1,1,1,1,1,1,1,1,1,0,0,0,2,0,0,0,0,0,0,0,0,1,1,1,0,2,1,0,1,[0|0],1,1,1,1,1,1,1,1,1,1,1,1,1,1,1,1,0,1,1,1,1,1,0,1,0,0,0,0,0,0,0,0,0,0,0,0,0,[0|0|0],-1,-1,-1,-1,-1,63038,[0|0|0|0|0|0|0|0]
65000,Ash of War: Barbaric Roar,1,0,[0|0|0],8440,0,10,-1,-1,-1,710600,650,0,0,0,350110,-1,-1,1,1,1,1,1,1,1,1,1,1,1,1,1,0,0,0,1,0,0,0,0,0,0,0,0,1,1,1,0,2,1,0,1,[0|0],0,1,1,1,1,1,1,1,0,0,1,1,1,1,1,1,0,1,1,1,1,1,0,1,0,0,0,0,0,0,0,0,0,0,0,0,0,[0|0|0],-1,-1,-1,-1,-1,63040,[0|0|0|0|0|0|0|0]
65100,Ash of War: War Cry,1,0,[0|0|0],8441,0,10,-1,-1,-1,710600,651,0,0,0,350100,-1,-1,1,1,1,1,1,1,1,1,1,1,1,1,1,0,0,0,1,0,0,0,0,0,0,0,0,1,1,1,0,2,1,0,1,[0|0],0,1,1,1,1,1,1,1,0,0,1,1,1,1,1,1,0,1,1,1,1,1,0,1,0,0,0,0,0,0,0,0,0,0,0,0,0,[0|0|0],-1,-1,-1,-1,-1,63040,[0|0|0|0|0|0|0|0]
65200,Ash of War: Beast's Roar,1,0,[0|0|0],8442,0,20,-1,-1,-1,710600,652,0,0,0,351100,-1,-1,1,1,1,1,1,1,1,1,1,1,1,1,1,0,0,0,2,0,0,0,0,0,0,0,0,1,1,1,0,2,1,0,2,[0|0],1,1,1,1,1,1,1,1,1,1,1,1,1,1,1,1,0,1,1,1,1,1,1,1,0,0,0,0,0,0,0,0,0,0,0,0,0,[0|0|0],-1,-1,-1,-1,-1,63042,[0|0|0|0|0|0|0|0]
65300,Ash of War: Troll's Roar,1,0,[0|0|0],8443,0,10,-1,-1,-1,710600,653,0,0,0,350130,-1,-1,1,1,1,1,1,1,1,1,1,1,1,1,1,0,0,0,2,0,0,0,0,0,0,0,0,1,1,1,0,2,1,0,1,[0|0],0,0,1,1,0,1,0,0,0,1,0,1,0,1,0,0,0,0,0,0,0,0,0,1,0,0,0,0,0,0,0,0,0,0,0,0,0,[0|0|0],-1,-1,-1,-1,-1,63039,[0|0|0|0|0|0|0|0]
65400,Ash of War: Braggart's Roar,1,0,[0|0|0],8444,0,10,-1,-1,-1,710600,654,0,0,0,350120,-1,-1,1,1,1,1,1,1,1,1,1,1,1,1,1,0,0,0,1,0,0,0,0,0,0,0,0,1,1,1,0,2,1,0,1,[0|0],0,1,1,1,1,1,1,1,0,0,1,1,1,1,1,1,0,1,1,1,1,1,0,1,0,0,0,0,0,0,0,0,0,0,0,0,0,[0|0|0],-1,-1,-1,-1,-1,63040,[0|0|0|0|0|0|0|0]
70000,Ash of War: Endure,1,0,[0|0|0],8460,0,10,-1,-1,-1,710600,700,0,0,0,350060,-1,-1,1,1,1,1,1,1,1,1,1,1,1,1,1,0,0,0,1,0,0,0,0,0,0,0,0,1,1,1,0,2,1,0,1,[0|0],1,1,1,1,1,1,1,1,1,1,1,1,1,1,1,1,0,1,1,1,1,1,1,1,0,0,0,0,0,0,0,0,0,0,0,0,0,[0|0|0],-1,-1,-1,-1,-1,63042,[0|0|0|0|0|0|0|0]
70100,Ash of War: Vow of the Indomitable,1,0,[0|0|0],8461,0,80,-1,-1,-1,710600,701,0,0,0,357080,-1,-1,1,1,1,1,0,0,1,1,0,0,0,0,0,0,0,0,1,0,0,0,0,0,0,0,0,1,1,1,0,2,1,0,7,[0|0],0,0,0,0,0,0,0,0,0,0,0,0,0,0,0,0,0,0,0,0,0,0,0,0,0,0,0,0,0,0,0,0,1,1,1,0,0,[0|0|0],-1,-1,-1,-1,-1,63041,[0|0|0|0|0|0|0|0]
70200,Ash of War: Holy Ground,0,0,[0|0|0],8462,0,80,-1,-1,-1,710600,702,0,0,0,357090,-1,-1,1,1,1,1,0,0,1,1,0,0,0,0,0,0,0,0,2,0,0,0,0,0,0,0,0,1,1,1,0,2,1,0,7,[0|0],0,0,0,0,0,0,0,0,0,0,0,0,0,0,0,0,0,0,0,0,0,0,0,0,0,0,0,0,0,0,0,0,1,1,1,0,0,[0|0|0],-1,-1,-1,-1,-1,63041,[0|0|0|0|0|0|0|0]
80000,Ash of War: Quickstep,1,0,[0|0|0],8480,0,20,-1,-1,-1,710600,800,0,0,0,351070,-1,-1,1,1,1,1,1,1,1,1,1,1,1,1,1,0,0,0,1,0,0,0,0,0,0,0,0,1,1,1,0,2,1,0,2,[0|0],1,1,1,1,1,1,1,1,1,1,1,1,1,1,1,1,0,1,1,1,1,1,1,1,0,0,0,0,0,0,0,0,0,0,0,0,0,[0|0|0],-1,-1,-1,-1,-1,63042,[0|0|0|0|0|0|0|0]
80100,Ash of War: Bloodhound's Step,1,0,[0|0|0],8481,0,20,-1,-1,-1,710600,801,0,0,0,351080,-1,-1,1,1,1,1,1,1,1,1,1,1,1,1,1,0,0,0,2,0,0,0,0,0,0,0,0,1,1,1,0,2,1,0,2,[0|0],1,1,1,1,1,1,1,1,1,1,1,1,1,1,1,1,0,1,1,1,1,1,1,1,0,0,0,0,0,0,0,0,0,0,0,0,0,[0|0|0],-1,-1,-1,-1,-1,63042,[0|0|0|0|0|0|0|0]
80200,Ash of War: Raptor of the Mists,1,0,[0|0|0],8482,0,20,-1,-1,-1,710600,802,0,0,0,351090,-1,-1,1,1,1,1,1,1,1,1,1,1,1,1,1,0,0,0,2,0,0,0,0,0,0,0,0,1,1,1,0,2,1,0,2,[0|0],1,1,1,1,1,1,1,1,1,1,1,1,1,1,1,1,0,1,1,1,1,1,1,1,0,0,0,0,0,0,0,0,0,0,0,0,0,[0|0|0],-1,-1,-1,-1,-1,63042,[0|0|0|0|0|0|0|0]
85000,Ash of War: White Shadow's Lure,1,0,[0|0|0],8490,0,120,-1,-1,-1,710600,850,0,0,0,361020,-1,-1,1,1,1,1,0,0,0,0,0,0,1,1,1,0,0,0,2,0,0,0,0,0,0,0,0,1,1,1,0,2,1,0,12,[0|0],1,1,1,1,1,1,1,1,1,1,1,1,1,1,1,1,0,1,1,1,1,1,1,1,0,0,0,0,0,0,0,0,0,0,0,0,0,[0|0|0],-1,-1,-1,-1,-1,63042,[0|0|0|0|0|0|0|0]
