ID,Name,disableParam_NT,disableParamReserve1,disableParamReserve2,refId_default,sfxVariationId,weight,basicPrice,sellValue,behaviorId,replaceItemId,sortId,appearanceReplaceItemId,yesNoDialogMessageId,useEnableSpEffectType,potGroupId,pad,iconId,modelId,shopLv,compTrophySedId,trophySeqId,maxNum,consumeHeroPoint,overDexterity,goodsType,refCategory,spEffectCategory,pad3,goodsUseAnim,opmeMenuType,useLimitCategory,replaceCategory,reserve4,enable_live,enable_gray,enable_white,enable_black,enable_multi,disable_offline,isEquip,isConsume,isAutoEquip,isEstablishment,isOnlyOne,isDiscard,isDeposit,isDisableHand,isRemoveItem_forGameClear,isSuppleItem,isFullSuppleItem,isEnhance,isFixItem,disableMultiDropShare,disableUseAtColiseum,disableUseAtOutOfColiseum,isEnableFastUseItem,isApplySpecialEffect,syncNumVaryId,refId_1,refVirtualWepId,vagrantItemLotId,vagrantBonusEneDropItemLotId,vagrantItemEneDropItemLotId,castSfxId,fireSfxId,effectSfxId,enable_ActiveBigRune,isBonfireWarpItem,enable_Ladder,isUseMultiPlayPreparation,canMultiUse,isShieldEnchant,isWarpProhibited,isUseMultiPenaltyOnly,suppleType,autoReplenishType,isDrop,showLogCondType,isSummonHorse,showDialogCondType,isSleepCollectionItem,enableRiding,disableRiding,maxRepositoryNum,sortGroupId,isUseNoAttackRegion,pad1,saleValue,rarity,useLimitSummonBuddy,useLimitSpEffectType,aiUseJudgeId,consumeMP,consumeHP,reinforceGoodsId,reinforceMaterialId,reinforcePrice,useLevel_vowType0,useLevel_vowType1,useLevel_vowType2,useLevel_vowType3,useLevel_vowType4,useLevel_vowType5,useLevel_vowType6,useLevel_vowType7,useLevel_vowType8,useLevel_vowType9,useLevel_vowType10,useLevel_vowType11,useLevel_vowType12,useLevel_vowType13,useLevel_vowType14,useLevel_vowType15,useLevel,reserve5,itemGetTutorialFlagId,reserve3,
272000,Stone Giant Wolf,1,0,[0|0|0],272000,-1,0,0,-1,0,-1,70221,-1,20000610,0,-1,0,626,0,-1,-1,-1,1,0,50,8,2,0,0,34,13,0,0,[0|0],1,1,1,1,1,0,1,0,0,0,0,1,0,0,0,0,0,0,0,0,0,0,0,0,0,-1,-1,-1,-1,-1,-1,-1,-1,1,0,0,1,0,0,0,0,0,0,0,1,0,2,0,1,0,600,40,1,0,0,2,1,0,-1,50,-1,272001,10100,1040,0,0,0,0,0,0,0,0,0,0,0,0,0,0,0,0,0,[0|0],710550,[0|0|0|0|0|0|0|0]
272001,Stone Giant Wolf +1,1,0,[0|0|0],272001,-1,0,0,-1,0,-1,70222,-1,20000610,0,-1,0,626,0,-1,-1,-1,1,0,50,8,2,0,0,34,13,0,0,[0|0],1,1,1,1,1,0,1,0,0,0,0,1,0,0,0,0,0,0,0,0,0,0,0,0,0,-1,-1,-1,-1,-1,-1,-1,-1,1,0,0,1,0,0,0,0,0,0,0,1,0,2,0,1,0,600,40,1,0,0,2,1,0,-1,50,-1,272002,10101,1664,0,0,0,0,0,0,0,0,0,0,0,0,0,0,0,0,0,[0|0],710550,[0|0|0|0|0|0|0|0]
272002,Stone Giant Wolf +2,1,0,[0|0|0],272002,-1,0,0,-1,0,-1,70223,-1,20000610,0,-1,0,626,0,-1,-1,-1,1,0,50,8,2,0,0,34,13,0,0,[0|0],1,1,1,1,1,0,1,0,0,0,0,1,0,0,0,0,0,0,0,0,0,0,0,0,0,-1,-1,-1,-1,-1,-1,-1,-1,1,0,0,1,0,0,0,0,0,0,0,1,0,2,0,1,0,600,40,1,0,0,2,1,0,-1,50,-1,272003,10102,2288,0,0,0,0,0,0,0,0,0,0,0,0,0,0,0,0,0,[0|0],710550,[0|0|0|0|0|0|0|0]
272003,Stone Giant Wolf +3,1,0,[0|0|0],272003,-1,0,0,-1,0,-1,70224,-1,20000610,0,-1,0,626,0,-1,-1,-1,1,0,50,8,2,0,0,34,13,0,0,[0|0],1,1,1,1,1,0,1,0,0,0,0,1,0,0,0,0,0,0,0,0,0,0,0,0,0,-1,-1,-1,-1,-1,-1,-1,-1,1,0,0,1,0,0,0,0,0,0,0,1,0,2,0,1,0,600,40,1,0,0,2,1,0,-1,50,-1,272004,10103,2912,0,0,0,0,0,0,0,0,0,0,0,0,0,0,0,0,0,[0|0],710550,[0|0|0|0|0|0|0|0]
272004,Stone Giant Wolf +4,1,0,[0|0|0],272004,-1,0,0,-1,0,-1,70225,-1,20000610,0,-1,0,626,0,-1,-1,-1,1,0,50,8,2,0,0,34,13,0,0,[0|0],1,1,1,1,1,0,1,0,0,0,0,1,0,0,0,0,0,0,0,0,0,0,0,0,0,-1,-1,-1,-1,-1,-1,-1,-1,1,0,0,1,0,0,0,0,0,0,0,1,0,2,0,1,0,600,40,1,0,0,2,1,0,-1,50,-1,272005,10104,3536,0,0,0,0,0,0,0,0,0,0,0,0,0,0,0,0,0,[0|0],710550,[0|0|0|0|0|0|0|0]
272005,Stone Giant Wolf +5,1,0,[0|0|0],272005,-1,0,0,-1,0,-1,70226,-1,20000610,0,-1,0,626,0,-1,-1,-1,1,0,50,8,2,0,0,34,13,0,0,[0|0],1,1,1,1,1,0,1,0,0,0,0,1,0,0,0,0,0,0,0,0,0,0,0,0,0,-1,-1,-1,-1,-1,-1,-1,-1,1,0,0,1,0,0,0,0,0,0,0,1,0,2,0,1,0,600,40,1,0,0,2,1,0,-1,50,-1,272006,10105,4160,0,0,0,0,0,0,0,0,0,0,0,0,0,0,0,0,0,[0|0],710550,[0|0|0|0|0|0|0|0]
272006,Stone Giant Wolf +6,1,0,[0|0|0],272006,-1,0,0,-1,0,-1,70227,-1,20000610,0,-1,0,626,0,-1,-1,-1,1,0,50,8,2,0,0,34,13,0,0,[0|0],1,1,1,1,1,0,1,0,0,0,0,1,0,0,0,0,0,0,0,0,0,0,0,0,0,-1,-1,-1,-1,-1,-1,-1,-1,1,0,0,1,0,0,0,0,0,0,0,1,0,2,0,1,0,600,40,1,0,0,2,1,0,-1,50,-1,272007,10106,4784,0,0,0,0,0,0,0,0,0,0,0,0,0,0,0,0,0,[0|0],710550,[0|0|0|0|0|0|0|0]
272007,Stone Giant Wolf +7,1,0,[0|0|0],272007,-1,0,0,-1,0,-1,70228,-1,20000610,0,-1,0,626,0,-1,-1,-1,1,0,50,8,2,0,0,34,13,0,0,[0|0],1,1,1,1,1,0,1,0,0,0,0,1,0,0,0,0,0,0,0,0,0,0,0,0,0,-1,-1,-1,-1,-1,-1,-1,-1,1,0,0,1,0,0,0,0,0,0,0,1,0,2,0,1,0,600,40,1,0,0,2,1,0,-1,50,-1,272008,10107,5408,0,0,0,0,0,0,0,0,0,0,0,0,0,0,0,0,0,[0|0],710550,[0|0|0|0|0|0|0|0]
272008,Stone Giant Wolf +8,1,0,[0|0|0],272008,-1,0,0,-1,0,-1,70229,-1,20000610,0,-1,0,626,0,-1,-1,-1,1,0,50,8,2,0,0,34,13,0,0,[0|0],1,1,1,1,1,0,1,0,0,0,0,1,0,0,0,0,0,0,0,0,0,0,0,0,0,-1,-1,-1,-1,-1,-1,-1,-1,1,0,0,1,0,0,0,0,0,0,0,1,0,2,0,1,0,600,40,1,0,0,2,1,0,-1,50,-1,272009,10108,6032,0,0,0,0,0,0,0,0,0,0,0,0,0,0,0,0,0,[0|0],710550,[0|0|0|0|0|0|0|0]
272009,Stone Giant Wolf +9,1,0,[0|0|0],272009,-1,0,0,-1,0,-1,70230,-1,20000610,0,-1,0,626,0,-1,-1,-1,1,0,50,8,2,0,0,34,13,0,0,[0|0],1,1,1,1,1,0,1,0,0,0,0,1,0,0,0,0,0,0,0,0,0,0,0,0,0,-1,-1,-1,-1,-1,-1,-1,-1,1,0,0,1,0,0,0,0,0,0,0,1,0,2,0,1,0,600,40,1,0,0,2,1,0,-1,50,-1,272010,10109,7280,0,0,0,0,0,0,0,0,0,0,0,0,0,0,0,0,0,[0|0],710550,[0|0|0|0|0|0|0|0]
272010,Stone Giant Wolf +10,1,0,[0|0|0],272010,-1,0,0,-1,0,-1,70231,-1,20000610,0,-1,0,626,0,-1,-1,-1,1,0,50,8,2,0,0,34,13,0,0,[0|0],1,1,1,1,1,0,1,0,0,0,0,1,0,0,0,0,0,0,0,0,0,0,0,0,0,-1,-1,-1,-1,-1,-1,-1,-1,1,0,0,1,0,0,0,0,0,0,0,1,0,2,0,1,0,600,40,1,0,0,2,1,0,-1,50,-1,-1,-1,0,0,0,0,0,0,0,0,0,0,0,0,0,0,0,0,0,0,[0|0],710550,[0|0|0|0|0|0|0|0]
