ID,Name,MaxHpRate,MaxMpRate,MaxStaminaRate,PhysicsAttackRate,SlashAttackRate,BlowAttackRate,ThrustAttackRate,NeturalAttackRate,MagicAttackRate,FireAttackRate,ThunderAttackRate,DarkAttackRate,PhysicsDefenseRate,MagicDefenseRate,FireDefenseRate,ThunderDefenseRate,DarkDefenseRate,StaminaAttackRate,SoulRate,PoisionResistRate,DiseaseResistRate,BloodResistRate,CurseResistRate,FreezeResistRate,BloodDamageRate,SuperArmorDamageRate,FreezeDamageRate,SleepResistRate,MadnessResistRate,SleepDamageRate,MadnessDamageRate,pad1,
0,NG+0,0.5,0,0,1.013,1,1,1,1.013,1.013,1.013,1.013,1.013,0,0,0,0,0,0,0,0,0,0,0,0,0,0,0,0,0,0,0,[0|0|0|0]
1,NG+1,1.5,1,1,1.25,1,1,1,1.25,1.25,1.25,1.25,1.25,1,1,1,1,1,1,1,1,1,1,1,1,1,1,1,1,1,1,1,[0|0|0|0]
2,NG+2,1.6,1,1.1,1.35,1,1,1,1.35,1.35,1.35,1.35,1.35,1.025,1.025,1.025,1.025,1.025,1.4,1.1,1.015,1.015,1.015,1.015,1.015,1,0.95,1,1.015,1.015,1,1,[0|0|0|0]
3,NG+3,1.65,1,1.125,1.4,1,1,1,1.4,1.4,1.4,1.4,1.4,1.05,1.05,1.05,1.05,1.05,1.5,1.125,1.03,1.03,1.03,1.03,1.03,1,0.9,1,1.03,1.03,1,1,[0|0|0|0]
4,NG+4,1.7,1,1.2,1.45,1,1,1,1.45,1.45,1.45,1.45,1.45,1.1,1.1,1.1,1.1,1.1,1.6,1.2,1.045,1.045,1.045,1.045,1.045,1,0.85,1,1.045,1.045,1,1,[0|0|0|0]
5,NG+5,1.8,1,1.225,1.55,1,1,1,1.55,1.55,1.55,1.55,1.55,1.15,1.15,1.15,1.15,1.15,1.7,1.225,1.06,1.06,1.06,1.06,1.06,1,0.8,1,1.06,1.06,1,1,[0|0|0|0]
6,NG+6,1.85,1,1.25,1.6,1,1,1,1.6,1.6,1.6,1.6,1.6,1.2,1.2,1.2,1.2,1.2,1.8,1.25,1.075,1.075,1.075,1.075,1.075,1,0.7,1,1.075,1.075,1,1,[0|0|0|0]
7,NG+7,1.9,1,1.275,1.7,1,1,1,1.7,1.7,1.7,1.7,1.7,1.3,1.3,1.3,1.3,1.3,1.9,1.275,1.09,1.09,1.09,1.09,1.09,1,0.6,1,1.09,1.09,1,1,[0|0|0|0]
