Name,Behavior,Storage,FileSpec,FileSpecSustain,FileSpecRelease,Template,Loadspec,Secondary,SustainAlias,ReleaseAlias,Bus,VolumeGroup,DuckGroup,Duck,ReverbSend,CenterSend,VolMin,VolMax,DistMin,DistMaxDry,DistMaxWet,DryMinCurve,DryMaxCurve,WetMinCurve,WetMaxCurve,LimitCount,LimitType,EntityLimitCount,EntityLimitType,PitchMin,PitchMax,PriorityMin,PriorityMax,PriorityThresholdMin,PriorityThresholdMax,AmplitudePriority,PanType,Pan,Futz,Looping,RandomizeType,Probability,StartDelay,EnvelopMin,EnvelopMax,EnvelopPercent,OcclusionLevel,IsBig,DistanceLpf,FluxType,FluxTime,Subtitle,Doppler,ContextType,ContextValue,ContextType1,ContextValue1,ContextType2,ContextValue2,ContextType3,ContextValue3,Timescale,IsMusic,IsCinematic,FadeIn,FadeOut,Pauseable,StopOnEntDeath,Compression,StopOnPlay,DopplerScale,FutzPatch,VoiceLimit,IgnoreMaxDist,NeverPlayTwice,ContinuousPan,FileSource,FileSourceSustain,FileSourceRelease,FileTarget,FileTargetSustain,FileTargetRelease,Platform,Language,OutputDevices,PlatformMask,WiiUMono,StopAlias,DistanceLpfMin,DistanceLpfMax,FacialAnimationName,RestartContextLoops,SilentInCPZ,ContextFailsafe,GPAD,GPADOnly,MuteVoice,MuteMusic,RowSourceFileName,RowSourceShortName,RowSourceLineNumber,
# Powerups
time_warp_vox,,,powerups\time_warp_vox.wav,,,UIN_MOD,,,,,,,,,0,0,100,100,0,1000,1250,,,,,,,,,,,,,,,,2d,,,NONLOOPING,,,0,0,0,0,,,,,,,,,,,,,,,,,,,,,,,,,,,,,,,,,,,,,,,,,,,,,,,,,,,,,,,
fast_feet_vox,,,powerups\fast_feet_vox.wav,,,UIN_MOD,,,,,,,,,0,0,100,100,0,1000,1250,,,,,,,,,,,,,,,,2d,,,NONLOOPING,,,0,0,0,0,,,,,,,,,,,,,,,,,,,,,,,,,,,,,,,,,,,,,,,,,,,,,,,,,,,,,,,
bottomless_clip_vox,,,powerups\bottomless_clip_vox.wav,,,UIN_MOD,,,,,,,,,0,0,100,100,0,1000,1250,,,,,,,,,,,,,,,,2d,,,NONLOOPING,,,0,0,0,0,,,,,,,,,,,,,,,,,,,,,,,,,,,,,,,,,,,,,,,,,,,,,,,,,,,,,,,
zombie_money_vox,,,powerups\zombie_money_vox.wav,,,UIN_MOD,,,,,,,,,0,0,100,100,0,1000,1250,,,,,,,,,,,,,,,,2d,,,NONLOOPING,,,0,0,0,0,,,,,,,,,,,,,,,,,,,,,,,,,,,,,,,,,,,,,,,,,,,,,,,,,,,,,,,
zombie_blood_vox,,,powerups\vox_zmba_powerup_zombie_blood_d_0.wav,,,UIN_MOD,,,,,,,,,0,0,100,100,0,1000,1250,,,,,,,,,,,,,,,,2d,,,NONLOOPING,,,0,0,0,0,,,,,,,,,,,,,,,,,,,,,,,,,,,,,,,,,,,,,,,,,,,,,,,,,,,,,,,