ID,Name,disableParam_NT,disableParamReserve1,disableParamReserve2,refId_default,sfxVariationId,weight,basicPrice,sellValue,behaviorId,replaceItemId,sortId,appearanceReplaceItemId,yesNoDialogMessageId,useEnableSpEffectType,potGroupId,pad,iconId,modelId,shopLv,compTrophySedId,trophySeqId,maxNum,consumeHeroPoint,overDexterity,goodsType,refCategory,spEffectCategory,pad3,goodsUseAnim,opmeMenuType,useLimitCategory,replaceCategory,reserve4,enable_live,enable_gray,enable_white,enable_black,enable_multi,disable_offline,isEquip,isConsume,isAutoEquip,isEstablishment,isOnlyOne,isDiscard,isDeposit,isDisableHand,isRemoveItem_forGameClear,isSuppleItem,isFullSuppleItem,isEnhance,isFixItem,disableMultiDropShare,disableUseAtColiseum,disableUseAtOutOfColiseum,isEnableFastUseItem,isApplySpecialEffect,syncNumVaryId,refId_1,refVirtualWepId,vagrantItemLotId,vagrantBonusEneDropItemLotId,vagrantItemEneDropItemLotId,castSfxId,fireSfxId,effectSfxId,enable_ActiveBigRune,isBonfireWarpItem,enable_Ladder,isUseMultiPlayPreparation,canMultiUse,isShieldEnchant,isWarpProhibited,isUseMultiPenaltyOnly,suppleType,autoReplenishType,isDrop,showLogCondType,isSummonHorse,showDialogCondType,isSleepCollectionItem,enableRiding,disableRiding,maxRepositoryNum,sortGroupId,isUseNoAttackRegion,pad1,saleValue,rarity,useLimitSummonBuddy,useLimitSpEffectType,aiUseJudgeId,consumeMP,consumeHP,reinforceGoodsId,reinforceMaterialId,reinforcePrice,useLevel_vowType0,useLevel_vowType1,useLevel_vowType2,useLevel_vowType3,useLevel_vowType4,useLevel_vowType5,useLevel_vowType6,useLevel_vowType7,useLevel_vowType8,useLevel_vowType9,useLevel_vowType10,useLevel_vowType11,useLevel_vowType12,useLevel_vowType13,useLevel_vowType14,useLevel_vowType15,useLevel,reserve5,itemGetTutorialFlagId,reserve3,
276000,Tree Sentinel,1,0,[0|0|0],276000,-1,0,0,-1,0,-1,70122,-1,20000610,0,-1,0,3205,0,-1,-1,-1,1,0,50,8,2,0,0,34,13,0,0,[0|0],1,1,1,1,1,0,1,0,0,0,0,1,0,0,0,0,0,0,0,0,0,0,0,0,0,-1,-1,-1,-1,-1,-1,-1,-1,1,0,0,1,0,0,0,0,0,0,0,1,0,2,0,1,0,600,40,1,0,0,2,1,0,-1,50,-1,265001,10100,1040,0,0,0,0,0,0,0,0,0,0,0,0,0,0,0,0,0,[0|0],710550,[0|0|0|0|0|0|0|0]
276001,Tree Sentinel +1,1,0,[0|0|0],276001,-1,0,0,-1,0,-1,70123,-1,20000610,0,-1,0,3205,0,-1,-1,-1,1,0,50,8,2,0,0,34,13,0,0,[0|0],1,1,1,1,1,0,1,0,0,0,0,1,0,0,0,0,0,0,0,0,0,0,0,0,0,-1,-1,-1,-1,-1,-1,-1,-1,1,0,0,1,0,0,0,0,0,0,0,1,0,2,0,1,0,600,40,1,0,0,2,1,0,-1,50,-1,265002,10101,1664,0,0,0,0,0,0,0,0,0,0,0,0,0,0,0,0,0,[0|0],710550,[0|0|0|0|0|0|0|0]
276002,Tree Sentinel +2,1,0,[0|0|0],276002,-1,0,0,-1,0,-1,70124,-1,20000610,0,-1,0,3205,0,-1,-1,-1,1,0,50,8,2,0,0,34,13,0,0,[0|0],1,1,1,1,1,0,1,0,0,0,0,1,0,0,0,0,0,0,0,0,0,0,0,0,0,-1,-1,-1,-1,-1,-1,-1,-1,1,0,0,1,0,0,0,0,0,0,0,1,0,2,0,1,0,600,40,1,0,0,2,1,0,-1,50,-1,265003,10102,2288,0,0,0,0,0,0,0,0,0,0,0,0,0,0,0,0,0,[0|0],710550,[0|0|0|0|0|0|0|0]
276003,Tree Sentinel +3,1,0,[0|0|0],276003,-1,0,0,-1,0,-1,70125,-1,20000610,0,-1,0,3205,0,-1,-1,-1,1,0,50,8,2,0,0,34,13,0,0,[0|0],1,1,1,1,1,0,1,0,0,0,0,1,0,0,0,0,0,0,0,0,0,0,0,0,0,-1,-1,-1,-1,-1,-1,-1,-1,1,0,0,1,0,0,0,0,0,0,0,1,0,2,0,1,0,600,40,1,0,0,2,1,0,-1,50,-1,265004,10103,2912,0,0,0,0,0,0,0,0,0,0,0,0,0,0,0,0,0,[0|0],710550,[0|0|0|0|0|0|0|0]
276004,Tree Sentinel +4,1,0,[0|0|0],276004,-1,0,0,-1,0,-1,70126,-1,20000610,0,-1,0,3205,0,-1,-1,-1,1,0,50,8,2,0,0,34,13,0,0,[0|0],1,1,1,1,1,0,1,0,0,0,0,1,0,0,0,0,0,0,0,0,0,0,0,0,0,-1,-1,-1,-1,-1,-1,-1,-1,1,0,0,1,0,0,0,0,0,0,0,1,0,2,0,1,0,600,40,1,0,0,2,1,0,-1,50,-1,265005,10104,3536,0,0,0,0,0,0,0,0,0,0,0,0,0,0,0,0,0,[0|0],710550,[0|0|0|0|0|0|0|0]
276005,Tree Sentinel +5,1,0,[0|0|0],276005,-1,0,0,-1,0,-1,70127,-1,20000610,0,-1,0,3205,0,-1,-1,-1,1,0,50,8,2,0,0,34,13,0,0,[0|0],1,1,1,1,1,0,1,0,0,0,0,1,0,0,0,0,0,0,0,0,0,0,0,0,0,-1,-1,-1,-1,-1,-1,-1,-1,1,0,0,1,0,0,0,0,0,0,0,1,0,2,0,1,0,600,40,1,0,0,2,1,0,-1,50,-1,265006,10105,4160,0,0,0,0,0,0,0,0,0,0,0,0,0,0,0,0,0,[0|0],710550,[0|0|0|0|0|0|0|0]
276006,Tree Sentinel +6,1,0,[0|0|0],276006,-1,0,0,-1,0,-1,70128,-1,20000610,0,-1,0,3205,0,-1,-1,-1,1,0,50,8,2,0,0,34,13,0,0,[0|0],1,1,1,1,1,0,1,0,0,0,0,1,0,0,0,0,0,0,0,0,0,0,0,0,0,-1,-1,-1,-1,-1,-1,-1,-1,1,0,0,1,0,0,0,0,0,0,0,1,0,2,0,1,0,600,40,1,0,0,2,1,0,-1,50,-1,265007,10106,4784,0,0,0,0,0,0,0,0,0,0,0,0,0,0,0,0,0,[0|0],710550,[0|0|0|0|0|0|0|0]
276007,Tree Sentinel +7,1,0,[0|0|0],276007,-1,0,0,-1,0,-1,70129,-1,20000610,0,-1,0,3205,0,-1,-1,-1,1,0,50,8,2,0,0,34,13,0,0,[0|0],1,1,1,1,1,0,1,0,0,0,0,1,0,0,0,0,0,0,0,0,0,0,0,0,0,-1,-1,-1,-1,-1,-1,-1,-1,1,0,0,1,0,0,0,0,0,0,0,1,0,2,0,1,0,600,40,1,0,0,2,1,0,-1,50,-1,265008,10107,5408,0,0,0,0,0,0,0,0,0,0,0,0,0,0,0,0,0,[0|0],710550,[0|0|0|0|0|0|0|0]
276008,Tree Sentinel +8,1,0,[0|0|0],276008,-1,0,0,-1,0,-1,70130,-1,20000610,0,-1,0,3205,0,-1,-1,-1,1,0,50,8,2,0,0,34,13,0,0,[0|0],1,1,1,1,1,0,1,0,0,0,0,1,0,0,0,0,0,0,0,0,0,0,0,0,0,-1,-1,-1,-1,-1,-1,-1,-1,1,0,0,1,0,0,0,0,0,0,0,1,0,2,0,1,0,600,40,1,0,0,2,1,0,-1,50,-1,265009,10108,6032,0,0,0,0,0,0,0,0,0,0,0,0,0,0,0,0,0,[0|0],710550,[0|0|0|0|0|0|0|0]
276009,Tree Sentinel +9,1,0,[0|0|0],276009,-1,0,0,-1,0,-1,70131,-1,20000610,0,-1,0,3205,0,-1,-1,-1,1,0,50,8,2,0,0,34,13,0,0,[0|0],1,1,1,1,1,0,1,0,0,0,0,1,0,0,0,0,0,0,0,0,0,0,0,0,0,-1,-1,-1,-1,-1,-1,-1,-1,1,0,0,1,0,0,0,0,0,0,0,1,0,2,0,1,0,600,40,1,0,0,2,1,0,-1,50,-1,265010,10109,7280,0,0,0,0,0,0,0,0,0,0,0,0,0,0,0,0,0,[0|0],710550,[0|0|0|0|0|0|0|0]
276010,Tree Sentinel +10,1,0,[0|0|0],276010,-1,0,0,-1,0,-1,70132,-1,20000610,0,-1,0,3205,0,-1,-1,-1,1,0,50,8,2,0,0,34,13,0,0,[0|0],1,1,1,1,1,0,1,0,0,0,0,1,0,0,0,0,0,0,0,0,0,0,0,0,0,-1,-1,-1,-1,-1,-1,-1,-1,1,0,0,1,0,0,0,0,0,0,0,1,0,2,0,1,0,600,40,1,0,0,2,1,0,-1,50,-1,-1,-1,0,0,0,0,0,0,0,0,0,0,0,0,0,0,0,0,0,0,[0|0],710550,[0|0|0|0|0|0|0|0]
